[{"model": "admin_interface.theme", "pk": 1, "fields": {"name": "Django", "active": true, "title": "Django administration", "title_color": "#F5DD5D", "title_visible": true, "logo": "", "logo_color": "#FFFFFF", "logo_max_width": 400, "logo_max_height": 100, "logo_visible": true, "favicon": "", "env_name": "", "env_color": "#E74C3C", "env_visible_in_header": true, "env_visible_in_favicon": true, "language_chooser_active": true, "language_chooser_control": "default-select", "language_chooser_display": "code", "css_header_background_color": "#0C4B33", "css_header_text_color": "#44B78B", "css_header_link_color": "#FFFFFF", "css_header_link_hover_color": "#C9F0DD", "css_module_background_color": "#44B78B", "css_module_background_selected_color": "#FFFFCC", "css_module_text_color": "#FFFFFF", "css_module_link_color": "#FFFFFF", "css_module_link_selected_color": "#FFFFFF", "css_module_link_hover_color": "#C9F0DD", "css_module_rounded_corners": true, "css_generic_link_color": "#0C3C26", "css_generic_link_hover_color": "#156641", "css_generic_link_active_color": "#29B864", "css_save_button_background_color": "#0C4B33", "css_save_button_background_hover_color": "#0C3C26", "css_save_button_text_color": "#FFFFFF", "css_delete_button_background_color": "#BA2121", "css_delete_button_background_hover_color": "#A41515", "css_delete_button_text_color": "#FFFFFF", "related_modal_active": true, "related_modal_background_color": "#000000", "related_modal_background_opacity": "0.3", "related_modal_rounded_corners": true, "related_modal_close_button_visible": true, "list_filter_highlight": true, "list_filter_dropdown": true, "list_filter_sticky": true, "list_filter_removal_links": true, "foldable_apps": true, "show_fieldsets_as_tabs": false, "show_inlines_as_tabs": false, "collapsible_stacked_inlines": false, "collapsible_stacked_inlines_collapsed": true, "collapsible_tabular_inlines": false, "collapsible_tabular_inlines_collapsed": true, "recent_actions_visible": true, "form_actions_sticky": true, "form_submit_sticky": true, "form_pagination_sticky": true}}, {"model": "auth.user", "pk": 1, "fields": {"password": "pbkdf2_sha256$1200000$5MghAHW6QfCbNLDlGlfLzL$yEBQQohdfDfKonZpUOeWSiStpV0nDttuo1T8ZLQJYiA=", "last_login": "2026-03-20T11:39:23.805", "is_superuser": true, "username": "admin", "first_name": "", "last_name": "", "email": "admin@example.com", "is_staff": true, "is_active": true, "date_joined": "2026-03-12T21:05:44.500", "groups": [], "user_permissions": []}}, {"model": "auth.user", "pk": 2, "fields": {"password": "pbkdf2_sha256$1200000$CXy9OO038iqItXIf5he2Qu$6UWw1all9hcG2F840N/YUoy6kM2xxpMyu+2Vd3AtnYY=", "last_login": null, "is_superuser": false, "username": "belen.izaguirre", "first_name": "Belén", "last_name": "Izaguirre", "email": "", "is_staff": false, "is_active": true, "date_joined": "2026-03-12T21:07:36.570", "groups": [], "user_permissions": []}}, {"model": "auth.user", "pk": 3, "fields": {"password": "pbkdf2_sha256$1200000$DsCekCxDU06yQmmrQi6Nnr$pBy2CONQ0hH6AoMk13NiQeIVoPrQ1VVeUeU0722c5L8=", "last_login": null, "is_superuser": false, "username": "gabriela.velez.rosado", "first_name": "Gabriela", "last_name": "Vélez Rosado", "email": "", "is_staff": false, "is_active": true, "date_joined": "2026-03-12T21:07:36.973", "groups": [], "user_permissions": []}}, {"model": "auth.user", "pk": 4, "fields": {"password": "pbkdf2_sha256$1200000$tIN9Vg2rZhnOpwAPXT13Pc$Yd8cca7/UVFtE/d9HcEM0bnZtF8BwXC51u39VxTPh+k=", "last_login": null, "is_superuser": false, "username": "guadalupe.freire", "first_name": "Guadalupe", "last_name": "Freire", "email": "", "is_staff": false, "is_active": true, "date_joined": "2026-03-12T21:07:37.365", "groups": [], "user_permissions": []}}, {"model": "auth.user", "pk": 5, "fields": {"password": "pbkdf2_sha256$1200000$o3pQin3qwHCaPgI7Eh8JXa$8Ozzbstjb1mEZlWC4YDk3mNlJk9mtrL23yosjwXSESo=", "last_login": null, "is_superuser": false, "username": "hanzel.rivera.diaz", "first_name": "Hanzel", "last_name": "Rivera Díaz", "email": "", "is_staff": false, "is_active": true, "date_joined": "2026-03-12T21:07:37.759", "groups": [], "user_permissions": []}}, {"model": "auth.user", "pk": 6, "fields": {"password": "pbkdf2_sha256$1200000$kIDKFVFXv5V50JeAcEp5sS$ET+4SU+IR8YlZ+wFI9/5b+qqBbcH1pER7gGLYuc+9RQ=", "last_login": null, "is_superuser": false, "username": "keila.santos.diaz", "first_name": "Keila", "last_name": "Santos Díaz", "email": "", "is_staff": false, "is_active": true, "date_joined": "2026-03-12T21:07:38.147", "groups": [], "user_permissions": []}}, {"model": "auth.user", "pk": 7, "fields": {"password": "pbkdf2_sha256$1200000$AwDdWJwFOrxCMIF1WATzDC$1qc06mc2Hq2ggYyHfC/QUygSUOi23p/jvZIs4+6Bfx0=", "last_login": null, "is_superuser": false, "username": "juan.carlos.serrano.roman", "first_name": "Juan", "last_name": "Carlos Serrano Román", "email": "", "is_staff": false, "is_active": true, "date_joined": "2026-03-12T21:07:38.544", "groups": [], "user_permissions": []}}, {"model": "auth.user", "pk": 8, "fields": {"password": "pbkdf2_sha256$1200000$MYyLyZV7mysZ7hYtFTFjF8$ds5M1uFsBBrrNaQN1ilU9ttlJ130EjQlyVkN/XxlhmI=", "last_login": null, "is_superuser": false, "username": "roberto.jose.corsino.colon", "first_name": "Roberto", "last_name": "José Corsino Colón", "email": "", "is_staff": false, "is_active": true, "date_joined": "2026-03-12T21:07:38.933", "groups": [], "user_permissions": []}}, {"model": "auth.user", "pk": 9, "fields": {"password": "pbkdf2_sha256$1200000$7As6PsBJya3zqOFwoH34jk$B1BurXLqONya62eGVxei2ja0fpRKUJO+geh/doSbZYc=", "last_login": null, "is_superuser": false, "username": "genesis.payano", "first_name": "Génesis", "last_name": "Payano", "email": "", "is_staff": false, "is_active": true, "date_joined": "2026-03-12T21:07:39.336", "groups": [], "user_permissions": []}}, {"model": "auth.user", "pk": 10, "fields": {"password": "pbkdf2_sha256$1200000$NT0LJ0nEUoogxEb5bLraFK$TZLGxW81MSG/i3NFGEraFwx2tNPNoh6F2RABbho4mf8=", "last_login": null, "is_superuser": false, "username": "ashly.adames.berrios", "first_name": "Ashly", "last_name": "Adames Berríos", "email": "", "is_staff": false, "is_active": true, "date_joined": "2026-03-12T21:07:39.732", "groups": [], "user_permissions": []}}, {"model": "auth.user", "pk": 11, "fields": {"password": "pbkdf2_sha256$1200000$YDOHrqYRWtFQwDXDnxFTne$miln7+6HTBvecmKmSZB2qzNUhnUkajnb182BUl2qSP8=", "last_login": null, "is_superuser": false, "username": "ana.andino.colon", "first_name": "Ana", "last_name": "Andino Colón", "email": "", "is_staff": false, "is_active": true, "date_joined": "2026-03-12T21:07:40.120", "groups": [], "user_permissions": []}}, {"model": "auth.user", "pk": 12, "fields": {"password": "pbkdf2_sha256$1200000$nUCYWqj7fhMDi1vEHN0WT8$VaAYdCkIHGq0dUTUz1N0JsSgc1eFjO1MA+BVw6wMroI=", "last_login": null, "is_superuser": false, "username": "kaishley.n.rivera.santiago", "first_name": "Kaishley", "last_name": "N Rivera Santiago", "email": "", "is_staff": false, "is_active": true, "date_joined": "2026-03-12T21:07:40.510", "groups": [], "user_permissions": []}}, {"model": "auth.user", "pk": 13, "fields": {"password": "pbkdf2_sha256$1200000$lFeoWkuHgCVPfzdcKyabul$utvxuhhvayan9EObhkMQsyDraP9CBoEApwH2RTHQlrQ=", "last_login": null, "is_superuser": false, "username": "jessenia.m.aquino.baez", "first_name": "Jessenia", "last_name": "M Aquino Báez", "email": "", "is_staff": false, "is_active": true, "date_joined": "2026-03-12T21:07:40.900", "groups": [], "user_permissions": []}}, {"model": "auth.user", "pk": 14, "fields": {"password": "pbkdf2_sha256$1200000$4rW7lrEZUH7uZYekBfo1OE$7XEW3WqkAa/OJL4WYsOXjbIDcJdgv6jj6f7p2T2EvoM=", "last_login": null, "is_superuser": false, "username": "marcos.gerardo.santos.rodriguez", "first_name": "Marcos", "last_name": "Gerardo Santos Rodríguez", "email": "", "is_staff": false, "is_active": true, "date_joined": "2026-03-12T21:07:41.297", "groups": [], "user_permissions": []}}, {"model": "auth.user", "pk": 15, "fields": {"password": "pbkdf2_sha256$1200000$K2AqQvtpeNPadSCB7cR3Z1$+BT0oZ6U7dGCL0IcsEN/qZ6ZnBTHS2fXXDbTeCoAvWE=", "last_login": null, "is_superuser": false, "username": "guadalupefreire20@gmail.com", "first_name": "Guadalupe", "last_name": "Freire", "email": "guadalupefreire20@gmail.com", "is_staff": false, "is_active": true, "date_joined": "2026-03-30T10:37:58.730", "groups": [], "user_permissions": []}}, {"model": "auth.user", "pk": 16, "fields": {"password": "pbkdf2_sha256$1200000$R6TYWaXTLL4iZzWc0K3yZP$XX91e/7e2c6vf9IN+3iAyWDAExtvzIVTatdNXl9f/FM=", "last_login": null, "is_superuser": false, "username": "adamesmsw@gmail.com", "first_name": "Ashly M", "last_name": "Adames Berríos", "email": "adamesmsw@gmail.com", "is_staff": false, "is_active": true, "date_joined": "2026-03-30T10:37:59.100", "groups": [], "user_permissions": []}}, {"model": "auth.user", "pk": 17, "fields": {"password": "pbkdf2_sha256$1200000$RMMXcljf2HIczDZi5fgKfs$2KvZhLtOUt79SabMZJvlGgwgZBl+2ZNMbd9bmq/nwzE=", "last_login": null, "is_superuser": false, "username": "keila_santos17@hotmail.com", "first_name": "Keila Santos", "last_name": "Díaz", "email": "keila_santos17@hotmail.com", "is_staff": false, "is_active": true, "date_joined": "2026-03-30T10:37:59.464", "groups": [], "user_permissions": []}}, {"model": "auth.user", "pk": 18, "fields": {"password": "pbkdf2_sha256$1200000$v4jFWrVPBvkykPd2xfUhZt$835pZgv/vSOiaT8RP1/wOPubIXhL0FEUtejNU1iBHFc=", "last_login": null, "is_superuser": false, "username": "marcos-santos@outlook.es", "first_name": "Marcos G", "last_name": "Santos Rodríguez", "email": "marcos-santos@outlook.es", "is_staff": false, "is_active": true, "date_joined": "2026-03-30T10:37:59.858", "groups": [], "user_permissions": []}}, {"model": "auth.user", "pk": 19, "fields": {"password": "pbkdf2_sha256$1200000$CI2WU2kL45x2fxSBOj5Vpm$Wv9Rbhh3XIevhK4QWv/68J9Mxe1hhzFmCzoNec+2uMM=", "last_login": null, "is_superuser": false, "username": "gabriela.velez.rosado@gmail.com", "first_name": "Gabriela Vélez", "last_name": "Rosado", "email": "gabriela.velez.rosado@gmail.com", "is_staff": false, "is_active": true, "date_joined": "2026-03-30T10:38:00.270", "groups": [], "user_permissions": []}}, {"model": "auth.user", "pk": 20, "fields": {"password": "pbkdf2_sha256$1200000$5obFyRv1WTs2MNh7U8Ef93$3CyzjnUr63D6pmBzj4zhPXUxI82n8NLuSlSGaLDV9nM=", "last_login": null, "is_superuser": false, "username": "rcorsino30@gmail.com", "first_name": "Roberto José", "last_name": "Corsino Colón", "email": "rcorsino30@gmail.com", "is_staff": false, "is_active": true, "date_joined": "2026-03-30T10:38:00.686", "groups": [], "user_permissions": []}}, {"model": "auth.user", "pk": 21, "fields": {"password": "pbkdf2_sha256$1200000$2Z5oYUm8yMtfK8bfCohcjb$evy0nTJm6nYkCGa84i2NLdHuZJ+FQMbvzX43zAp4X8g=", "last_login": null, "is_superuser": false, "username": "juancarlosandre@gmail.com", "first_name": "Juan Carlos", "last_name": "Serrano Román", "email": "juancarlosandre@gmail.com", "is_staff": false, "is_active": true, "date_joined": "2026-03-30T10:38:01.179", "groups": [], "user_permissions": []}}, {"model": "sessions.session", "pk": "4iokkmw63mft6kthdbr183g3qevty7pn", "fields": {"session_data": ".eJxVjEEOwiAQAP-yZ0OAtsvSo3ffQBaWStWUpLQn499Nkx70OjOZNwTetxL2ltcwC4xg4PLLIqdnXg4hD17uVaW6bOsc1ZGo0zZ1q5Jf17P9GxRuBUYgY01G6idJBi1qREeD10I4cE7cTc7biFNvmfLgNSFST-w6wZhSpwU-X70dNy0:1w2Jua:ifuGEhxETe7xZfnLYkmdMFsyAzwAyiMno-VzM76YYQw", "expire_date": "2026-03-30T23:12:00.875"}}, {"model": "sessions.session", "pk": "ajbtbl5nmyd6lwwem1e7fxi6vfo3lzq4", "fields": {"session_data": ".eJxVjDsKwkAUAO_yalmyX3dT2ucM4f3iRiWBfCrx7hJIoe3MMG_ocd9qv6-69KNACxYuv4yQnzodQh443WfD87QtI5kjMaddTTeLvm5n-zeouFZogckLNS5oKjEG76LLBa0MmrlEHEKTo0uWr0UzDUTiUUNOmpPzQtwwfL7h8zg6:1w3aLG:0Yr7A-NEufucSvGOi44L_UnO6iDJCIvdyo-Tmwrakhk", "expire_date": "2026-04-03T10:56:46.408"}}, {"model": "sessions.session", "pk": "fvgxi27hkg9z4a9tseitmlrtd2cicn2l", "fields": {"session_data": ".eJxVjEEOwiAQAP-yZ0OAtsvSo3ffQBaWStWUpLQn499Nkx70OjOZNwTetxL2ltcwC4xg4PLLIqdnXg4hD17uVaW6bOsc1ZGo0zZ1q5Jf17P9GxRuBUYgY01G6idJBi1qREeD10I4cE7cTc7biFNvmfLgNSFST-w6wZhSpwU-X70dNy0:1w2JvA:1XoRtZRYsBMOetyca6KG0uHc0ofbBt49wM1A5cdrteQ", "expire_date": "2026-03-30T23:12:36.641"}}, {"model": "sessions.session", "pk": "k3l0c61setyg8yj2830d32w5s1b0yajh", "fields": {"session_data": ".eJxVjEEOwiAQAP-yZ0OAtsvSo3ffQBaWStWUpLQn499Nkx70OjOZNwTetxL2ltcwC4xg4PLLIqdnXg4hD17uVaW6bOsc1ZGo0zZ1q5Jf17P9GxRuBUYgY01G6idJBi1qREeD10I4cE7cTc7biFNvmfLgNSFST-w6wZhSpwU-X70dNy0:1w2AyR:3Lq__ZCiPWA15q2U2aXGIfO2CoCDptCNVKyKurwOGRk", "expire_date": "2026-03-30T13:39:23.737"}}, {"model": "sessions.session", "pk": "l74qtxxcan1vur4nalabji1v2iiq0ehc", "fields": {"session_data": ".eJxVjEEOwiAQAP-yZ0OAtsvSo3ffQBaWStWUpLQn499Nkx70OjOZNwTetxL2ltcwC4xg4PLLIqdnXg4hD17uVaW6bOsc1ZGo0zZ1q5Jf17P9GxRuBUYgY01G6idJBi1qREeD10I4cE7cTc7biFNvmfLgNSFST-w6wZhSpwU-X70dNy0:1w2Jw0:ahhqR_43-33SRh2Jyt-ROTvKPDGMnifrrUCPl4cQ3RY", "expire_date": "2026-03-30T23:13:28.310"}}, {"model": "sessions.session", "pk": "of4xoxr2qowi2cuwz14qppel8z59hxjy", "fields": {"session_data": ".eJxVjDsKwkAUAO_yalmyX3dT2ucM4f3iRiWBfCrx7hJIoe3MMG_ocd9qv6-69KNACxYuv4yQnzodQh443WfD87QtI5kjMaddTTeLvm5n-zeouFZogckLNS5oKjEG76LLBa0MmrlEHEKTo0uWr0UzDUTiUUNOmpPzQtwwfL7h8zg6:1w3b0V:m9E8bj8G6yBa_ZqCv8th9ZEDHFHveP20zrO2esyJTy4", "expire_date": "2026-04-03T11:39:23.811"}}, {"model": "administracion.municipio", "pk": 1, "fields": {"nombre": "Guayama"}}, {"model": "administracion.municipio", "pk": 2, "fields": {"nombre": "Arroyo"}}, {"model": "administracion.municipio", "pk": 3, "fields": {"nombre": "Aguas Buenas"}}, {"model": "administracion.municipio", "pk": 4, "fields": {"nombre": ""}}, {"model": "administracion.municipio", "pk": 5, "fields": {"nombre": "Genérico"}}, {"model": "administracion.escuela", "pk": 1, "fields": {"nombre": "Dra María Socorro Lacot", "municipio": 1}}, {"model": "administracion.escuela", "pk": 2, "fields": {"nombre": "Natividad Rodríguez \n(Superior Vocacional Nueva)", "municipio": 2}}, {"model": "administracion.escuela", "pk": 3, "fields": {"nombre": "José Félix Rodríguez (Superior Urbana)", "municipio": 3}}, {"model": "administracion.escuela", "pk": 4, "fields": {"nombre": "Rafael López Landrón", "municipio": 1}}, {"model": "administracion.escuela", "pk": 5, "fields": {"nombre": "Natividad Rodríguez \n(Superior Vocacional Nueva)", "municipio": 1}}, {"model": "administracion.escuela", "pk": 6, "fields": {"nombre": "Colegio Católico San Antonio", "municipio": 1}}, {"model": "administracion.escuela", "pk": 7, "fields": {"nombre": "Alfonso Casta Martínez", "municipio": 1}}, {"model": "administracion.escuela", "pk": 8, "fields": {"nombre": "Dra María Socorro Lacot", "municipio": 2}}, {"model": "administracion.escuela", "pk": 9, "fields": {"nombre": "Rafaelina E Lebrón Flores", "municipio": 1}}, {"model": "administracion.escuela", "pk": 10, "fields": {"nombre": "", "municipio": 2}}, {"model": "administracion.escuela", "pk": 11, "fields": {"nombre": "Ruth Evelyn Cruz Santos", "municipio": 3}}, {"model": "administracion.escuela", "pk": 12, "fields": {"nombre": "Escuela Especializada Genaro Cautińo Vázquez", "municipio": 1}}, {"model": "administracion.escuela", "pk": 13, "fields": {"nombre": "Guamani Private School", "municipio": 1}}, {"model": "administracion.escuela", "pk": 14, "fields": {"nombre": "Fountain Christian Bilingual School", "municipio": 1}}, {"model": "administracion.escuela", "pk": 15, "fields": {"nombre": "Adela Brenes Texidor", "municipio": 1}}, {"model": "administracion.escuela", "pk": 16, "fields": {"nombre": "Guanami Private School", "municipio": 1}}, {"model": "administracion.escuela", "pk": 17, "fields": {"nombre": "", "municipio": 1}}, {"model": "administracion.escuela", "pk": 18, "fields": {"nombre": "Asignados", "municipio": 4}}, {"model": "administracion.escuela", "pk": 22, "fields": {"nombre": "Escuela Base General", "municipio": 5}}, {"model": "administracion.alumno", "pk": 1, "fields": {"nombre": "Adriel", "apellidoPaterno": "Omar", "apellidoMaterno": "Laboy Díaz", "nivelEscolar": "Duodécimo", "direccion": "Calle 2 B 13 Urb Valles de Guayama Guayama, PR 00784", "email": "adriellaboy7@gmail.com", "telefono": "787.929.2922", "tipoEncargado": "Otro", "nombreEncargado": "Jesenia Díaz", "emailEncargado": "j26diaz@gmail.com", "telefonoEncargado": "787.929.3372", "escuela": 1}}, {"model": "administracion.alumno", "pk": 2, "fields": {"nombre": "Alberto", "apellidoPaterno": "Dávila", "apellidoMaterno": "Lugo", "nivelEscolar": "Duodécimo", "direccion": "Urbanización Solimar Patillas, PR 00723", "email": "davilaalberto702@gmail.com", "telefono": "787.271.9035", "tipoEncargado": "Otro", "nombreEncargado": "Alberto Dávila Santana / Jennifer lugo", "emailEncargado": "", "telefonoEncargado": "787-445-9527 / Padre\n787-643-5552 / Madre", "escuela": 2}}, {"model": "administracion.alumno", "pk": 3, "fields": {"nombre": "Alejandro", "apellidoPaterno": "Gabriel", "apellidoMaterno": "Gutiérrez Olmeda", "nivelEscolar": "Undécimo", "direccion": "Calle 12 HH7 Urb Costa Azul Guayama, PR 00784", "email": "gutierrezolmedaa@gmail.com", "telefono": "939.209.5603", "tipoEncargado": "Otro", "nombreEncargado": "Nelson Gutiérrez Gorge", "emailEncargado": "nelsongutierrez@aol.com", "telefonoEncargado": "787.382.1370", "escuela": 1}}, {"model": "administracion.alumno", "pk": 4, "fields": {"nombre": "Alex", "apellidoPaterno": "D", "apellidoMaterno": "Medina Guzmán", "nivelEscolar": "Duodécimo", "direccion": "HC02 Box 13646 Aguas Buenas, PR 00703", "email": "am3492985@gmail.com", "telefono": "787.666.8541", "tipoEncargado": "Otro", "nombreEncargado": "Amarilys Guzmán Cartagena", "emailEncargado": "aguzman_008@yahoo.com", "telefonoEncargado": "787-477-7856", "escuela": 3}}, {"model": "administracion.alumno", "pk": 5, "fields": {"nombre": "Alexandra", "apellidoPaterno": "Rodríguez", "apellidoMaterno": "Camacho", "nivelEscolar": "Undécimo", "direccion": "HC Box 633823 Patillas, PR 00723", "email": "alexandramariero9@gmail.com", "telefono": "939.261.9009", "tipoEncargado": "Otro", "nombreEncargado": "Elena Camacho Román", "emailEncargado": "camachoelena208@gmail.com", "telefonoEncargado": "787.333.2334", "escuela": 1}}, {"model": "administracion.alumno", "pk": 6, "fields": {"nombre": "Ana", "apellidoPaterno": "Ramos", "apellidoMaterno": "Gual", "nivelEscolar": "Duodécimo", "direccion": "HC1 Box 4946, Arroyo, Puerto Rico, 00714", "email": "e24464765@miescuela.pr", "telefono": "939.248.4306", "tipoEncargado": "Otro", "nombreEncargado": "Magda D. Gual Meléndez", "emailEncargado": "mgualmelendez@gmail.com", "telefonoEncargado": "787.393.1121", "escuela": 2}}, {"model": "administracion.alumno", "pk": 7, "fields": {"nombre": "Ángel", "apellidoPaterno": "José", "apellidoMaterno": "Casul Cruz", "nivelEscolar": "Duodécimo", "direccion": "HC 05 Box 6604 Aguas Buenas, PR 00703", "email": "angeljcasulcruz@gmail.com", "telefono": "787.459.6986", "tipoEncargado": "Otro", "nombreEncargado": "Elizabeth Cruz Pagán", "emailEncargado": "ecpcmp@gmail.com", "telefonoEncargado": "787-404-6467", "escuela": 3}}, {"model": "administracion.alumno", "pk": 8, "fields": {"nombre": "Angelys", "apellidoPaterno": "Guardarrama", "apellidoMaterno": "González", "nivelEscolar": "Duodécimo", "direccion": "HC5 Box 6420 Bayamoncito Aguas Buenas, PR 00703", "email": "guardarramaangelys@gmail.com", "telefono": "787.718.2527", "tipoEncargado": "Otro", "nombreEncargado": "Gelitza González Rodriguez", "emailEncargado": "angelys26@gmail.com", "telefonoEncargado": "787.299.5626", "escuela": 3}}, {"model": "administracion.alumno", "pk": 9, "fields": {"nombre": "Brihinna", "apellidoPaterno": "Nicole", "apellidoMaterno": "Rivera Velázquez", "nivelEscolar": "Duodécimo", "direccion": "Residencial Isidro Cora Apt 40 Edf 20 Arroyo, PR 00714", "email": "nikolebrihianna@gmail.com", "telefono": "787.929.1493", "tipoEncargado": "Otro", "nombreEncargado": "Leslie Ann Velázquez Ruiz", "emailEncargado": "leslievelazquez0887@gmail.com", "telefonoEncargado": "787.929.1493", "escuela": 2}}, {"model": "administracion.alumno", "pk": 10, "fields": {"nombre": "Bryan", "apellidoPaterno": "Andres", "apellidoMaterno": "Merlini Vázquez", "nivelEscolar": "Duodécimo", "direccion": "Brisas de Arroyo Res B97 Edf.7 Arroyo, PR 00714", "email": "merlinibryan5@gmail.com", "telefono": "939.274.8580", "tipoEncargado": "Otro", "nombreEncargado": "Carmen Vázquez", "emailEncargado": "nemrakalimqv@gmail.com", "telefonoEncargado": "787.271.3324", "escuela": 2}}, {"model": "administracion.alumno", "pk": 11, "fields": {"nombre": "Carlos", "apellidoPaterno": "M", "apellidoMaterno": "Santana Montes", "nivelEscolar": "Duodécimo", "direccion": "Brisas de Arroyo Res B79 Arroyo, PR 00714", "email": "cs256416@gmail.com", "telefono": "939.258.0660", "tipoEncargado": "Otro", "nombreEncargado": "Rosaura Montes Alicea", "emailEncargado": "", "telefonoEncargado": "939.918.7417", "escuela": 2}}, {"model": "administracion.alumno", "pk": 12, "fields": {"nombre": "Christina", "apellidoPaterno": "Isabel", "apellidoMaterno": "Correa Ramos", "nivelEscolar": "Undécimo", "direccion": "Calle A #51 Urb Vives Guayama, PR 00784", "email": "isabelnomar825115@gmail.com", "telefono": "939.414.7775", "tipoEncargado": "Otro", "nombreEncargado": "Christie Ramos Torres", "emailEncargado": "christie4490@gmail.com", "telefonoEncargado": "787.212.8244", "escuela": 1}}, {"model": "administracion.alumno", "pk": 13, "fields": {"nombre": "Ciomarilliam", "apellidoPaterno": "Rosado", "apellidoMaterno": "Rodríguez", "nivelEscolar": "Undécimo", "direccion": "Residencial Luís Palés Matos (EDF C-22 APT 148)", "email": "crosadorodriguez.08@gmail.com", "telefono": "787.931.3031", "tipoEncargado": "Otro", "nombreEncargado": "Ciomara Rodríguez Martínez", "emailEncargado": "ciomara503@gmail.com", "telefonoEncargado": "939-358-6558", "escuela": 4}}, {"model": "administracion.alumno", "pk": 14, "fields": {"nombre": "Dabrielis", "apellidoPaterno": "Batista", "apellidoMaterno": "Rosario", "nivelEscolar": "Duodécimo", "direccion": "HC04 Box 7782 Patillas, PR 00723", "email": "dabrielisbatistarosario@gmail.com", "telefono": "787.228.3126", "tipoEncargado": "Otro", "nombreEncargado": "Brenda Rosario Ortiz", "emailEncargado": "brendarosarioortiz9@gmail.com", "telefonoEncargado": "787.204.1033", "escuela": 5}}, {"model": "administracion.alumno", "pk": 15, "fields": {"nombre": "Daimellie", "apellidoPaterno": "Castelló", "apellidoMaterno": "Palmer", "nivelEscolar": "Duodécimo", "direccion": "Urb Turabo Gardens, JR 8-3 Calle J, Caguas, PR 00727", "email": "e24504005@miescuela.pr", "telefono": "787.235.6576", "tipoEncargado": "Otro", "nombreEncargado": "Leslie Palmer", "emailEncargado": "waldiekarel@gmail.com", "telefonoEncargado": "787.347.8569", "escuela": 3}}, {"model": "administracion.alumno", "pk": 16, "fields": {"nombre": "Dariel", "apellidoPaterno": "Y", "apellidoMaterno": "Meléndez Rosa", "nivelEscolar": "Undécimo", "direccion": "HC02 Box 12160 Aguas Buenas, PR 00703", "email": "darielmr07@gmail.com", "telefono": "787.216.7339", "tipoEncargado": "Otro", "nombreEncargado": "Dashira M Rosa Velázquez", "emailEncargado": "yahirmr07@gmail.com", "telefonoEncargado": "787.384.8009", "escuela": 3}}, {"model": "administracion.alumno", "pk": 17, "fields": {"nombre": "Diego", "apellidoPaterno": "J", "apellidoMaterno": "Cruz Ortiz", "nivelEscolar": "Duodécimo", "direccion": "PO Box 601 Arroyo, PR 00714", "email": "diegojscruz0810@icloud.com", "telefono": "939.260.3312", "tipoEncargado": "Otro", "nombreEncargado": "José Manuel Cruz Ortiz", "emailEncargado": "josemcruz2572@gmail.com", "telefonoEncargado": "939.335.7661", "escuela": 2}}, {"model": "administracion.alumno", "pk": 18, "fields": {"nombre": "Edgar", "apellidoPaterno": "Alexis", "apellidoMaterno": "Avilés González", "nivelEscolar": "Undécimo", "direccion": "Calle Porrata Doria #70D Este Guayama, PR 00784", "email": "edgarpinpin396@gmail.com", "telefono": "939.478.4177", "tipoEncargado": "Otro", "nombreEncargado": "Ileana M González Rivera", "emailEncargado": "ileanagonzalez396@gmail.com", "telefonoEncargado": "787.271.9044", "escuela": 4}}, {"model": "administracion.alumno", "pk": 19, "fields": {"nombre": "Elisianne", "apellidoPaterno": "Mendoza", "apellidoMaterno": "Veras", "nivelEscolar": "Duodécimo", "direccion": "Urb Quintas de Guasima Calle U E7 Arroyo, PR 00714", "email": "elisiannem08@gmail.com", "telefono": "551.242.4642", "tipoEncargado": "Otro", "nombreEncargado": "Sara Lisette Veras de Lamboy", "emailEncargado": "", "telefonoEncargado": "787.616.2860", "escuela": 2}}, {"model": "administracion.alumno", "pk": 20, "fields": {"nombre": "Emarilys", "apellidoPaterno": "Colón", "apellidoMaterno": "Vázquez", "nivelEscolar": "Duodécimo", "direccion": "Calle San Ciprián #245-15 Bo Corazón, Guayama, PR 00784", "email": "marilys531@gmail.com", "telefono": "787.929.6877", "tipoEncargado": "Otro", "nombreEncargado": "Lilliam E Vázquez Ramos", "emailEncargado": "enid101531@gmail.com", "telefonoEncargado": "787.219.2482", "escuela": 6}}, {"model": "administracion.alumno", "pk": 21, "fields": {"nombre": "Emmanuel", "apellidoPaterno": "Alberto", "apellidoMaterno": "Torres", "nivelEscolar": "Undécimo", "direccion": "Calle 4 Casa 124 Urb Guayama, PR 00784", "email": "atemmanuel1509@gmail.com", "telefono": "689.242.3861", "tipoEncargado": "Otro", "nombreEncargado": "María del Carmen Torres Rivera", "emailEncargado": "rivasmariatr1983@gmail.com", "telefonoEncargado": "407.431.7793", "escuela": 4}}, {"model": "administracion.alumno", "pk": 22, "fields": {"nombre": "Emsor", "apellidoPaterno": "Y", "apellidoMaterno": "Gómez Negrón", "nivelEscolar": "Undécimo", "direccion": "HC03 Box 15112 Aguas Buenas, PR 00703", "email": "e24514380@miescuela.pr", "telefono": "939.275.7078", "tipoEncargado": "Otro", "nombreEncargado": "Yaritza E. Negrón", "emailEncargado": "yaritza.negron.85@gmail.com", "telefonoEncargado": "787.328.2337", "escuela": 3}}, {"model": "administracion.alumno", "pk": 23, "fields": {"nombre": "Eneudis", "apellidoPaterno": "J", "apellidoMaterno": "Cruz Hernández", "nivelEscolar": "Duodécimo", "direccion": "HC 05 Box 6604 Aguas Buenas, PR 00703", "email": "hernandezjoc33@gmail.com", "telefono": "787-398-1806", "tipoEncargado": "Otro", "nombreEncargado": "Jocelyn Hernández Rivera", "emailEncargado": "hernandezjoc33@gmail.com", "telefonoEncargado": "787-379-8277", "escuela": 3}}, {"model": "administracion.alumno", "pk": 24, "fields": {"nombre": "Fabián", "apellidoPaterno": "J", "apellidoMaterno": "Serges Ramos", "nivelEscolar": "Duodécimo", "direccion": "PO Box 200 Salinas, PR 00751", "email": "fabianserges246@gmail.com", "telefono": "939.225.1980", "tipoEncargado": "Otro", "nombreEncargado": "Anthony Serges Rodríguez", "emailEncargado": "fabianserges3@gmail.com", "telefonoEncargado": "939.208.9846", "escuela": 2}}, {"model": "administracion.alumno", "pk": 25, "fields": {"nombre": "Félix", "apellidoPaterno": "Yadiel", "apellidoMaterno": "González Maurás", "nivelEscolar": "Duodécimo", "direccion": "HC 63 BOX 3248 Patillas, PR 00723", "email": "minttv0001@gmail.com", "telefono": "939.325.9811 - dańado\n682.299.2262 - madre", "tipoEncargado": "Otro", "nombreEncargado": "Ziarimar Maurás Adorno", "emailEncargado": "ziarimauras@gmail.com", "telefonoEncargado": "682.299.2262", "escuela": 2}}, {"model": "administracion.alumno", "pk": 26, "fields": {"nombre": "Gabriel", "apellidoPaterno": "Francisco", "apellidoMaterno": "Román Santiago", "nivelEscolar": "Duodécimo", "direccion": "RR1 Box 7480 Ranchos Guayama, Guayama, PR 00784", "email": "gidguto54@gmail.com", "telefono": "787.929.7451", "tipoEncargado": "Otro", "nombreEncargado": "Frances Santiago", "emailEncargado": "francesygabriel@hotmanil.com", "telefonoEncargado": "787.929.5467", "escuela": 6}}, {"model": "administracion.alumno", "pk": 27, "fields": {"nombre": "Gabriela", "apellidoPaterno": "Monclova", "apellidoMaterno": "Martínez", "nivelEscolar": "Undécimo", "direccion": "", "email": "gabrielamonclova145@gmail.com", "telefono": "787.204.3403", "tipoEncargado": "Otro", "nombreEncargado": "Gloria Cruz", "emailEncargado": "Buzón 117 Bo Calzada Maunabo, PR 00707", "telefonoEncargado": "787.929.7826", "escuela": 7}}, {"model": "administracion.alumno", "pk": 28, "fields": {"nombre": "Gael", "apellidoPaterno": "Zahir", "apellidoMaterno": "González", "nivelEscolar": "Undécimo", "direccion": "Hacienda Calle 54 A06 Guayama, PR 00784", "email": "eliosgaelcraft@gmail.com", "telefono": "787.298.6324", "tipoEncargado": "Otro", "nombreEncargado": "Lisa Marie González", "emailEncargado": "lisa.mendez1727@gmail.com", "telefonoEncargado": "939.245.1697", "escuela": 4}}, {"model": "administracion.alumno", "pk": 29, "fields": {"nombre": "Génesis", "apellidoPaterno": "Marie", "apellidoMaterno": "Velázquez Velázquez", "nivelEscolar": "Duodécimo", "direccion": "Jardines De Lafayette Calle Q P 17", "email": "genesisvelazquez899@gmail.com", "telefono": "787.557.3889", "tipoEncargado": "Otro", "nombreEncargado": "Ileana Velázquez Ortiz", "emailEncargado": "ileana2403velazquez@gmail.com", "telefonoEncargado": "787.929.2976", "escuela": 2}}, {"model": "administracion.alumno", "pk": 30, "fields": {"nombre": "Geralys", "apellidoPaterno": "Janil", "apellidoMaterno": "Serges Díaz", "nivelEscolar": "Duodécimo", "direccion": "HC1 Box 3157 Bo Palma, Arroyo, PR 00714", "email": "geralysserges@gmail.com\ne24464769@miescuela.pr", "telefono": "939.284.7086", "tipoEncargado": "Otro", "nombreEncargado": "Omayra Díaz Flores", "emailEncargado": "omayradiazflores@gmail.com", "telefonoEncargado": "787.446.5420", "escuela": 8}}, {"model": "administracion.alumno", "pk": 31, "fields": {"nombre": "Greyshamarie", "apellidoPaterno": "González", "apellidoMaterno": "Ortiz", "nivelEscolar": "Duodécimo", "direccion": "Villa Universitaria Calle Lafayette G152, Guayama, PR 00784", "email": "greyshagonzalezortiz@gmail.com", "telefono": "787.487.2824", "tipoEncargado": "Otro", "nombreEncargado": "Katherine Ortiz González", "emailEncargado": "k.ortizgonzalez@gmail.com", "telefonoEncargado": "939.242.5918", "escuela": 9}}, {"model": "administracion.alumno", "pk": 32, "fields": {"nombre": "Isaac", "apellidoPaterno": "M", "apellidoMaterno": "López Cintrón", "nivelEscolar": "Duodécimo", "direccion": "", "email": "cintronm615@gmail.com", "telefono": "939.370.5480", "tipoEncargado": "Otro", "nombreEncargado": "", "emailEncargado": "", "telefonoEncargado": "939.370.9213", "escuela": 10}}, {"model": "administracion.alumno", "pk": 33, "fields": {"nombre": "Idana", "apellidoPaterno": "J", "apellidoMaterno": "Sierra González", "nivelEscolar": "Undécimo", "direccion": "Calle del Carmen #5", "email": "sierraidana@icloud.com", "telefono": "939.363.6609", "tipoEncargado": "Otro", "nombreEncargado": "Dimarie González Rosa", "emailEncargado": "gonzalezdimarie@gmail.com", "telefonoEncargado": "939.257.7909", "escuela": 3}}, {"model": "administracion.alumno", "pk": 34, "fields": {"nombre": "Jadniel", "apellidoPaterno": "J", "apellidoMaterno": "Rodríguez Román", "nivelEscolar": "Duodécimo", "direccion": "PO Box 2, Guayama PR, 00785", "email": "jadnielrodriguez777@gmail.com", "telefono": "321.460.2222", "tipoEncargado": "Otro", "nombreEncargado": "Joaquin Rodríguez Rivera", "emailEncargado": "jadnielrodriguez777@gmail.com", "telefonoEncargado": "787.943.9249", "escuela": 2}}, {"model": "administracion.alumno", "pk": 35, "fields": {"nombre": "Jalizbette", "apellidoPaterno": "Maldonado", "apellidoMaterno": "Burgos", "nivelEscolar": "Duodécimo", "direccion": "HC01Box 4591Juana Díaz, PR 00795", "email": "jalizbettem@gmail.com", "telefono": "787.375.7616", "tipoEncargado": "Otro", "nombreEncargado": "Ettelisse Burgos García", "emailEncargado": "ettelisseburgos@yahoo.com", "telefonoEncargado": "787.203.8616", "escuela": 2}}, {"model": "administracion.alumno", "pk": 36, "fields": {"nombre": "Jamilet", "apellidoPaterno": "Marie", "apellidoMaterno": "Echeverría Torres", "nivelEscolar": "Duodécimo", "direccion": "Urb.Vives Calle 4 Casa 124 Guayama, PR 00784", "email": "jamiletechevarria@gmail.com", "telefono": "321.566.7513", "tipoEncargado": "Otro", "nombreEncargado": "María Torres", "emailEncargado": "Rivasmariatr1983@gmail.com", "telefonoEncargado": "407.431.7793", "escuela": 4}}, {"model": "administracion.alumno", "pk": 37, "fields": {"nombre": "Janeliz", "apellidoPaterno": "Eleonor", "apellidoMaterno": "Ochoa Delannoy", "nivelEscolar": "Duodécimo", "direccion": "Urb. Brisas del Mar, N-3 Calle Marina Guayama, PR 00784", "email": "jane8a2019@gmail.com", "telefono": "939.274.0580", "tipoEncargado": "Otro", "nombreEncargado": "Odaliz Gisel Delannoy Figueroa", "emailEncargado": "ogdelannoy@gmail.com", "telefonoEncargado": "787.557.1525", "escuela": 6}}, {"model": "administracion.alumno", "pk": 38, "fields": {"nombre": "Jenializ", "apellidoPaterno": "Marrero", "apellidoMaterno": "Camacho", "nivelEscolar": "Duodécimo", "direccion": "PO Box 1464 Aguas Buenas, PR 00703", "email": "jenializ08@gmail.com", "telefono": "939.366.3546", "tipoEncargado": "Otro", "nombreEncargado": "Francheliza Camacho Rivera", "emailEncargado": "francheliza@yahoo.com", "telefonoEncargado": "787.225.6693", "escuela": 3}}, {"model": "administracion.alumno", "pk": 39, "fields": {"nombre": "Jennieliz", "apellidoPaterno": "Michelle", "apellidoMaterno": "Norat Ortiz", "nivelEscolar": "Duodécimo", "direccion": "Barrio Cimarrona Buzón 6563 Guayama, PR 00784", "email": "jennieliz08@gmail.com", "telefono": "939.294.5646", "tipoEncargado": "Otro", "nombreEncargado": "Jennifer J. Ortiz Santiago", "emailEncargado": "Ortizjennifer729@gmail.com", "telefonoEncargado": "939.294.4340", "escuela": 4}}, {"model": "administracion.alumno", "pk": 40, "fields": {"nombre": "Jeyfralee", "apellidoPaterno": "Pastrana", "apellidoMaterno": "Amill", "nivelEscolar": "Duodécimo", "direccion": "Res. Jardines de Guamaní Edf 7 Apt 24 \nGuayama, PR 00784", "email": "jeyfralee.pastrana@icloud.com", "telefono": "939.732.0350", "tipoEncargado": "Otro", "nombreEncargado": "Jessenia Marie Amill Morales", "emailEncargado": "jesseniaamillmorales@icloud.com", "telefonoEncargado": "939.294.9890", "escuela": 4}}, {"model": "administracion.alumno", "pk": 41, "fields": {"nombre": "Joan", "apellidoPaterno": "Carelis", "apellidoMaterno": "Nieves Gongón", "nivelEscolar": "Duodécimo", "direccion": "HC1 Box 3453 Arroyo, PR 00714", "email": "joannieves08@gmail.com", "telefono": "939.729.5622", "tipoEncargado": "Otro", "nombreEncargado": "Jackeline Gongón Morales", "emailEncargado": "jackelinegongon41@gmail.com", "telefonoEncargado": "787.694.5136", "escuela": 8}}, {"model": "administracion.alumno", "pk": 42, "fields": {"nombre": "Joangelyz", "apellidoPaterno": "Hernández", "apellidoMaterno": "Velázquez", "nivelEscolar": "Undécimo", "direccion": "Calle Monserrate #1 Aguas Buenas, PR 00703", "email": "joangelyzh@gmail.com", "telefono": "939.233.0180", "tipoEncargado": "Otro", "nombreEncargado": "Jeniffer Velázquez Merced", "emailEncargado": "Jeniffer32.jvm@gmail.com", "telefonoEncargado": "939.325.1344", "escuela": 3}}, {"model": "administracion.alumno", "pk": 43, "fields": {"nombre": "Joanielys", "apellidoPaterno": "González", "apellidoMaterno": "Sierra", "nivelEscolar": "Undécimo", "direccion": "Condominio Caminito Apt 304 Gurabo, PR 00778", "email": "joanielys@icloud.com", "telefono": "939.460.7665", "tipoEncargado": "Otro", "nombreEncargado": "Jomarie Sierra Díaz", "emailEncargado": "joa200941@gmail.com", "telefonoEncargado": "787.453.3898", "escuela": 3}}, {"model": "administracion.alumno", "pk": 44, "fields": {"nombre": "Jognielys", "apellidoPaterno": "Hernández", "apellidoMaterno": "Rosa", "nivelEscolar": "Undécimo", "direccion": "HC02 Box 12160 Aguas Buenas, PR 00703", "email": "jognielys2009@gmail.com", "telefono": "939.250.8026", "tipoEncargado": "Otro", "nombreEncargado": "Yamariz Rosa Velázquez", "emailEncargado": "yamarizrosavelazquez253@gmail.com", "telefonoEncargado": "787.322.3102", "escuela": 3}}, {"model": "administracion.alumno", "pk": 45, "fields": {"nombre": "Jonailys", "apellidoPaterno": "Marrero", "apellidoMaterno": "Pérez", "nivelEscolar": "Undécimo", "direccion": "HC-03 BOX 15702 Aguas Buenas, PR 00703", "email": "Vperezperez7@gmail.com", "telefono": "939.310.1471", "tipoEncargado": "Otro", "nombreEncargado": "Verónica Pérez Pérez", "emailEncargado": "vperezperez7@gmail.com", "telefonoEncargado": "787.233.1471", "escuela": 3}}, {"model": "administracion.alumno", "pk": 46, "fields": {"nombre": "Jordan", "apellidoPaterno": "Alexis", "apellidoMaterno": "Guzmán Rosa", "nivelEscolar": "Duodécimo", "direccion": "HC01 Box 7043 Aguas Buenas, PR 00703-9715", "email": "eldondin2008@gmail.com", "telefono": "787.910.3775", "tipoEncargado": "Otro", "nombreEncargado": "Julie Mar Rosa Rodríguez", "emailEncargado": "j.mar3033.jmr@gmail.com", "telefonoEncargado": "787.508.0731", "escuela": 11}}, {"model": "administracion.alumno", "pk": 47, "fields": {"nombre": "José", "apellidoPaterno": "Ángel", "apellidoMaterno": "Decena Bonilla", "nivelEscolar": "Duodécimo", "direccion": "Calle Gracia Moreno 153, San Juan, PR 00909", "email": "decenabonillajose2007@gmail.com", "telefono": "787.662.6626", "tipoEncargado": "Otro", "nombreEncargado": "Teresa Bonilla", "emailEncargado": "decenabonillajose2007@gmail.com", "telefonoEncargado": "787.382.9048", "escuela": 6}}, {"model": "administracion.alumno", "pk": 48, "fields": {"nombre": "Joshua", "apellidoPaterno": "Yuriel", "apellidoMaterno": "Baerga Ortiz", "nivelEscolar": "Duodécimo", "direccion": "Urb Jardines de Mamey #3 C-8 Patillas, PR 00723", "email": "yurieljoshua70@gmail.com", "telefono": "939.213.4452", "tipoEncargado": "Otro", "nombreEncargado": "Yuri Ortiz Martínez", "emailEncargado": "yuriortizmartinez@gmail.com", "telefonoEncargado": "939.732.2452", "escuela": 1}}, {"model": "administracion.alumno", "pk": 49, "fields": {"nombre": "Juan", "apellidoPaterno": "Carlos", "apellidoMaterno": "Hernández Velázquez", "nivelEscolar": "Duodécimo", "direccion": "Calle Monserrate #1 Aguas Buenas, PR 00703", "email": "Jhernandezvelazquez33@gmail.com", "telefono": "787.988.8650", "tipoEncargado": "Otro", "nombreEncargado": "Jeniffer Velázquez Merced", "emailEncargado": "jeniffer32.jvm@gmail.com", "telefonoEncargado": "939.325.1344", "escuela": 3}}, {"model": "administracion.alumno", "pk": 50, "fields": {"nombre": "Kamirys", "apellidoPaterno": "González", "apellidoMaterno": "Santiago", "nivelEscolar": "Duodécimo", "direccion": "HC 63 Box 3896 Patillas, PR 00723", "email": "gonzalezkamirys@gmail.com", "telefono": "939.496.0871", "tipoEncargado": "Otro", "nombreEncargado": "Melba Santiago Sánchez", "emailEncargado": "enid_2000pr@yahoo.com", "telefonoEncargado": "787.929.1364", "escuela": 2}}, {"model": "administracion.alumno", "pk": 51, "fields": {"nombre": "Kassandra", "apellidoPaterno": "Rivera", "apellidoMaterno": "Acevedo", "nivelEscolar": "Duodécimo", "direccion": "Carretera 179 Km 3.0 Bo Guamani, Guayama, PR 00784", "email": "kassandra07rivera@gmail.com", "telefono": "939.478.4448", "tipoEncargado": "Otro", "nombreEncargado": "María Soledad Acevedo Colón", "emailEncargado": "mariaacevedo651@gmail.com", "telefonoEncargado": "787.613.8202", "escuela": 4}}, {"model": "administracion.alumno", "pk": 52, "fields": {"nombre": "Keniel", "apellidoPaterno": "Díaz", "apellidoMaterno": "Cotto", "nivelEscolar": "Undécimo", "direccion": "Apt 427 Aguas Buenas, PR 00703", "email": "ncottodiaz@gmail.com", "telefono": "939.232.5503", "tipoEncargado": "Otro", "nombreEncargado": "Nilda Cotto Diaz", "emailEncargado": "Ncottodiaz@gmail.com", "telefonoEncargado": "787.297.6118", "escuela": 3}}, {"model": "administracion.alumno", "pk": 53, "fields": {"nombre": "Kymarie", "apellidoPaterno": "Santiago", "apellidoMaterno": "Marcano", "nivelEscolar": "Undécimo", "direccion": "Bo Olimpo 333 Calle 10 Guayama, PR 00784", "email": "kymariesantiago306@gmail.com", "telefono": "813.359.7352", "tipoEncargado": "Otro", "nombreEncargado": "Kelly G Arroyo", "emailEncargado": "kga2910@gmail.com", "telefonoEncargado": "813.562.4521 - abuela", "escuela": 4}}, {"model": "administracion.alumno", "pk": 54, "fields": {"nombre": "Laraiceliz", "apellidoPaterno": "Morales", "apellidoMaterno": "Meléndez", "nivelEscolar": "Undécimo", "direccion": "Calle San Miguel #274 Bo Corazón Guayama, PR 00784", "email": "mlaraicelis@gmail.com", "telefono": "585.353.7328", "tipoEncargado": "Otro", "nombreEncargado": "Margarita Meléndez", "emailEncargado": "larai201585@gmail.com", "telefonoEncargado": "787.242.6004", "escuela": 4}}, {"model": "administracion.alumno", "pk": 55, "fields": {"nombre": "Leeah", "apellidoPaterno": "Vázquez", "apellidoMaterno": "Lebrón", "nivelEscolar": "Undécimo", "direccion": "Calle 15 I-6 Urb Costa Azul Guayama, PR 00784", "email": "leeahlebron.46@icloud.com", "telefono": "787.685.5662", "tipoEncargado": "Otro", "nombreEncargado": "Frances Lebrón\nDestiny Landeta", "emailEncargado": "landetadestiny07@gmail.com", "telefonoEncargado": "787.929.0241", "escuela": 1}}, {"model": "administracion.alumno", "pk": 56, "fields": {"nombre": "Leyshka", "apellidoPaterno": "Liz", "apellidoMaterno": "Planadeball", "nivelEscolar": "Duodécimo", "direccion": "Calle Virgilio Sánchez 7 Arroyo, PR 00714", "email": "planadeballleyshka@gmail.com", "telefono": "939.294.6008", "tipoEncargado": "Otro", "nombreEncargado": "", "emailEncargado": "", "telefonoEncargado": "", "escuela": 2}}, {"model": "administracion.alumno", "pk": 57, "fields": {"nombre": "Lianelys", "apellidoPaterno": "Muńoz", "apellidoMaterno": "Graciani", "nivelEscolar": "Duodécimo", "direccion": "Calle Arizona 4 Casa 23 Arroyo, PR 00714", "email": "lianelysmunoz27@gmail.com", "telefono": "939.247. 0002", "tipoEncargado": "Otro", "nombreEncargado": "Limary Graciani Morales", "emailEncargado": "limarygraciani56@gmail.com", "telefonoEncargado": "787.224.2399", "escuela": 2}}, {"model": "administracion.alumno", "pk": 58, "fields": {"nombre": "Lucero", "apellidoPaterno": "Soto", "apellidoMaterno": "Colón", "nivelEscolar": "Undécimo", "direccion": "Carr 7748 Km 0.8 Bo Caimital Bajo, Guayama, PR 00784", "email": "lucerosoto491@gmail.com", "telefono": "518.912.4605", "tipoEncargado": "Otro", "nombreEncargado": "Liz Soto", "emailEncargado": "lizcolon361@gmail.com", "telefonoEncargado": "787.232.6826", "escuela": 1}}, {"model": "administracion.alumno", "pk": 59, "fields": {"nombre": "Luis", "apellidoPaterno": "Roldán", "apellidoMaterno": "Alonso", "nivelEscolar": "Duodécimo", "direccion": "Coquí Apartments, Apto C07, Guayama, PR 00784", "email": "ferluis7717@gmail.com", "telefono": "787.527.5263", "tipoEncargado": "Otro", "nombreEncargado": "Rosaly Alonso Vázquez", "emailEncargado": "", "telefonoEncargado": "939.251.7175", "escuela": 12}}, {"model": "administracion.alumno", "pk": 60, "fields": {"nombre": "Luis", "apellidoPaterno": "Carlos", "apellidoMaterno": "Ortiz Franco", "nivelEscolar": "Duodécimo", "direccion": "HC1 Buzón 3927 Barriada Marin Buzón Arroyo, PR 00714", "email": "Carlos76868@gmail.com", "telefono": "939.500.5834", "tipoEncargado": "Otro", "nombreEncargado": "Yoliana Franco Soto", "emailEncargado": "laoriginal178@gmail.com", "telefonoEncargado": "939.241.9055", "escuela": 2}}, {"model": "administracion.alumno", "pk": 61, "fields": {"nombre": "Mario", "apellidoPaterno": "Fabián", "apellidoMaterno": "Rodríguez Vázquez", "nivelEscolar": "Duodécimo", "direccion": "Urb La Pradera 1312 Calle Cardenales Guayama, PR 00784-6445", "email": "rodriguezmf2007@gmail.com", "telefono": "787.579.2924", "tipoEncargado": "Otro", "nombreEncargado": "Sherlyen Colón Amaro", "emailEncargado": "sherlyencolon168@gmail.com", "telefonoEncargado": "787.929.0950", "escuela": 2}}, {"model": "administracion.alumno", "pk": 62, "fields": {"nombre": "Max", "apellidoPaterno": "De", "apellidoMaterno": "Jesús Rodríguez", "nivelEscolar": "Undécimo", "direccion": "", "email": "e35332817@miescuela.pr", "telefono": "939.289.5517", "tipoEncargado": "Otro", "nombreEncargado": "Yeleni Rodríguez", "emailEncargado": "yeli0016@gmail.com", "telefonoEncargado": "787.612.0874", "escuela": 1}}, {"model": "administracion.alumno", "pk": 63, "fields": {"nombre": "Mía", "apellidoPaterno": "Sophia", "apellidoMaterno": "Colón Torres", "nivelEscolar": "Undécimo", "direccion": "PO Box 1191 Guayama, PR 00785", "email": "miasophiatorres1@gmail.com", "telefono": "939.493.0828", "tipoEncargado": "Otro", "nombreEncargado": "Jennefer Torres", "emailEncargado": "jennefer.torres@gmail.com", "telefonoEncargado": "787.206.0188", "escuela": 13}}, {"model": "administracion.alumno", "pk": 64, "fields": {"nombre": "Mileysis", "apellidoPaterno": "Marie", "apellidoMaterno": "Millian Sánchez", "nivelEscolar": "Duodécimo", "direccion": "HC1 3048 Colonia Concordia  Arroyo PR, 00714", "email": "mileysissanchez@icloud.com", "telefono": "787.320.9242", "tipoEncargado": "Otro", "nombreEncargado": "Jizel Mary Sánchez Báez", "emailEncargado": "jizel112008@gmail.com", "telefonoEncargado": "787.929.3862", "escuela": 2}}, {"model": "administracion.alumno", "pk": 65, "fields": {"nombre": "Nariah", "apellidoPaterno": "Joharys", "apellidoMaterno": "Sierra González", "nivelEscolar": "Undécimo", "direccion": "Calle del Carmen #5 Aguas Buenas, PR 00703", "email": "snariah@icloud.com", "telefono": "939.363.6557", "tipoEncargado": "Otro", "nombreEncargado": "Dimarie González Rosa", "emailEncargado": "gonzalezdimarie@gmail.com", "telefonoEncargado": "939.257.7909", "escuela": 3}}, {"model": "administracion.alumno", "pk": 66, "fields": {"nombre": "Narieliz", "apellidoPaterno": "D", "apellidoMaterno": "Machuca Ortiz", "nivelEscolar": "Décimo", "direccion": "PO Box 967 Aguas Buenas, PR 00703", "email": "narieldesiree239@gmail.com", "telefono": "939.277.0324", "tipoEncargado": "Otro", "nombreEncargado": "Desiree Ortiz", "emailEncargado": "narielizdesiree239@hotmail.com", "telefonoEncargado": "787.445.8123", "escuela": 3}}, {"model": "administracion.alumno", "pk": 67, "fields": {"nombre": "Natasha", "apellidoPaterno": "Mares", "apellidoMaterno": "Cajigas", "nivelEscolar": "Duodécimo", "direccion": "HC01 Box 4850, Salinas PR 00751", "email": "natashamares78@gmail.com", "telefono": "787.718.6758", "tipoEncargado": "Otro", "nombreEncargado": "Quetcy Y Cajigas Rivera", "emailEncargado": "quetcycajigas.731@gmail.com", "telefonoEncargado": "787.697.1384", "escuela": 4}}, {"model": "administracion.alumno", "pk": 68, "fields": {"nombre": "Neftaly", "apellidoPaterno": "Javed", "apellidoMaterno": "Rivera Ayala", "nivelEscolar": "Duodécimo", "direccion": "HC05 Box 6979 Aguas Buenas, PR 00703", "email": "javednef22panda@gmail.com", "telefono": "939.355.9912", "tipoEncargado": "Otro", "nombreEncargado": "María Ayala", "emailEncargado": "javedneftalylove22@gmail.com", "telefonoEncargado": "787.560.7040", "escuela": 3}}, {"model": "administracion.alumno", "pk": 69, "fields": {"nombre": "Niledys", "apellidoPaterno": "Yarihan", "apellidoMaterno": "Rivera Acosta", "nivelEscolar": "Undécimo", "direccion": "PO Box 10007 Suite 186 Guayama, PR 00785", "email": "niledysrivera@icloud.com", "telefono": "787.941.4361", "tipoEncargado": "Otro", "nombreEncargado": "Lismarie Acosta Almodóvar", "emailEncargado": "lismarie_acosta@hotmail.com", "telefonoEncargado": "787.675.3804", "escuela": 1}}, {"model": "administracion.alumno", "pk": 70, "fields": {"nombre": "Paola", "apellidoPaterno": "Camil", "apellidoMaterno": "Bascó Gutiérrez", "nivelEscolar": "Duodécimo", "direccion": "PO Box 1606 Guayama, PR", "email": "paolacamil19@icloud.com", "telefono": "787.535.8613", "tipoEncargado": "Otro", "nombreEncargado": "María del Carmen Gutiérrez Rodríguez", "emailEncargado": "maria.guty@yahoo.com", "telefonoEncargado": "787.517.6420", "escuela": 1}}, {"model": "administracion.alumno", "pk": 71, "fields": {"nombre": "Rachel", "apellidoPaterno": "Pérez", "apellidoMaterno": "Arriaga", "nivelEscolar": "Undécimo", "direccion": "HC3 Box 15542 \nAguas Buenas, PR 00703", "email": "rachelperez5126@gmail.com", "telefono": "787.923.7481", "tipoEncargado": "Otro", "nombreEncargado": "Gloribel Arriaga del Valle", "emailEncargado": "gloryarriagadelvalle@gmail.com", "telefonoEncargado": "939.325.3819", "escuela": 3}}, {"model": "administracion.alumno", "pk": 72, "fields": {"nombre": "Raddyel", "apellidoPaterno": "Joel", "apellidoMaterno": "Sánchez Sánchez", "nivelEscolar": "Undécimo", "direccion": "Urb Brisas del Mar C Barrasa M12, Guayama, PR 00784", "email": "raddjoelsanz@gmail.com", "telefono": "939.254.7807", "tipoEncargado": "Otro", "nombreEncargado": "Lourdes Sánchez Ruiz", "emailEncargado": "miblogalterno@gmail.com", "telefonoEncargado": "787.391.1512", "escuela": 6}}, {"model": "administracion.alumno", "pk": 73, "fields": {"nombre": "Randy", "apellidoPaterno": "Jadiel", "apellidoMaterno": "García Dávila", "nivelEscolar": "Duodécimo", "direccion": "Residencial Jardines de Guamani Edf. 4 Apt 22, Guayama, PR 00784", "email": "jocelyndr23ra23@gmail.com", "telefono": "787.322.8101", "tipoEncargado": "Otro", "nombreEncargado": "Ruth Jocelyn Dávila Rivera", "emailEncargado": "jocelyndr23ra23@gmail.com", "telefonoEncargado": "787.322.8101", "escuela": 4}}, {"model": "administracion.alumno", "pk": 74, "fields": {"nombre": "Rubí", "apellidoPaterno": "Camacho", "apellidoMaterno": "Rosa", "nivelEscolar": "Duodécimo", "direccion": "HC2 Box 12730 Aguas Buenas, PR 00703", "email": "e24457868@miescuela.pr", "telefono": "787.923.6326", "tipoEncargado": "Otro", "nombreEncargado": "Damaris Rosa Escribano", "emailEncargado": "damarisrosa359@gmail.com", "telefonoEncargado": "787.967.2980", "escuela": 3}}, {"model": "administracion.alumno", "pk": 75, "fields": {"nombre": "Sadaymar", "apellidoPaterno": "Cora", "apellidoMaterno": "Laboy", "nivelEscolar": "Duodécimo", "direccion": "PO Box 588 Arroyo, PR 00714", "email": "sadycoral@gmail.com", "telefono": "939.370.4964", "tipoEncargado": "Otro", "nombreEncargado": "Vanessa Laboy Pérez", "emailEncargado": "vanessa_laboy@yahoo.com", "telefonoEncargado": "787.319.9285", "escuela": 2}}, {"model": "administracion.alumno", "pk": 76, "fields": {"nombre": "Saybreliz", "apellidoPaterno": "Marie", "apellidoMaterno": "Ruiz Merle", "nivelEscolar": "Undécimo", "direccion": "PO Box 505 Patillas, PR 00723", "email": "Smarie1215@icloud.com", "telefono": "787.595.9576", "tipoEncargado": "Otro", "nombreEncargado": "Tania S. Merle Rivera", "emailEncargado": "taniamerle16@gmail.com", "telefonoEncargado": "787-943-5522", "escuela": 1}}, {"model": "administracion.alumno", "pk": 77, "fields": {"nombre": "Seliam", "apellidoPaterno": "Torres", "apellidoMaterno": "Martínez", "nivelEscolar": "Duodécimo", "direccion": "Urb. Miramar II y III 608 Calle Mar del Norte Arroyo , P.R. 00714", "email": "seliam.torres08@gmail.com", "telefono": "787.981.9116", "tipoEncargado": "Otro", "nombreEncargado": "Meliann Martínez", "emailEncargado": "", "telefonoEncargado": "787.365.4248", "escuela": 2}}, {"model": "administracion.alumno", "pk": 78, "fields": {"nombre": "Sharelyz", "apellidoPaterno": "Nicol", "apellidoMaterno": "López Roque", "nivelEscolar": "Undécimo", "direccion": "Calle Coronel Irizarry #15 Urb San Martín Cayey, PR 00736", "email": "lopezsharelyz@gmail.com", "telefono": "863.449.8559", "tipoEncargado": "Otro", "nombreEncargado": "Angélica M Roque Malavé", "emailEncargado": "landetadestiny07@gmail.com", "telefonoEncargado": "787.535.8422", "escuela": 14}}, {"model": "administracion.alumno", "pk": 79, "fields": {"nombre": "Sherlianny", "apellidoPaterno": "Torres", "apellidoMaterno": "Lebrón", "nivelEscolar": "Duodécimo", "direccion": "Parada #1 Buzón 1211 Bo Mosquito", "email": "sherliannytorres0@gmail.com", "telefono": "787.393.4784", "tipoEncargado": "Otro", "nombreEncargado": "Shirlley M Lebrón Vázquez", "emailEncargado": "shirllylebron24@gmail.com", "telefonoEncargado": "267.356.2046", "escuela": 15}}, {"model": "administracion.alumno", "pk": 80, "fields": {"nombre": "Sheylean", "apellidoPaterno": "Torres", "apellidoMaterno": "Fernández", "nivelEscolar": "Undécimo", "direccion": "Urb. Vives Calle C # 153 Guayama, PR 00784", "email": "sheyleantorres14@gmail.com", "telefono": "939.264.8663", "tipoEncargado": "Otro", "nombreEncargado": "Josheila Fernández Santiago", "emailEncargado": "josheilafernandez@yahoo.com", "telefonoEncargado": "787.341.1606", "escuela": 4}}, {"model": "administracion.alumno", "pk": 81, "fields": {"nombre": "Sofía", "apellidoPaterno": "Valanys", "apellidoMaterno": "Marrero Pantoja", "nivelEscolar": "Undécimo", "direccion": "HC04 Box 8446 Aguas Buenas, Puerto Rico 00703", "email": "valmarrero50@gmail.com", "telefono": "787.903.8975", "tipoEncargado": "Otro", "nombreEncargado": "Nancy Pantoja", "emailEncargado": "Alianysmarrero8@gmail.com", "telefonoEncargado": "787.446.8714", "escuela": 3}}, {"model": "administracion.alumno", "pk": 82, "fields": {"nombre": "Solmaris", "apellidoPaterno": "Rivera", "apellidoMaterno": "Reyes", "nivelEscolar": "Duodécimo", "direccion": "HC04 Box 8921 Aguas Buenas, PR 00703", "email": "solmarisrivera22@gmail.com", "telefono": "939.253.1380", "tipoEncargado": "Otro", "nombreEncargado": "Norma  Reyes Flores", "emailEncargado": "Normareyesflores1978@gmail.com", "telefonoEncargado": "787.380.0014", "escuela": 3}}, {"model": "administracion.alumno", "pk": 83, "fields": {"nombre": "Sophía", "apellidoPaterno": "Isabell", "apellidoMaterno": "Soliván Díaz", "nivelEscolar": "Duodécimo", "direccion": "Residencial Jardines de Guamani Edf.9 Apt 5  Guayama, PR 00784", "email": "solivan.sophia20@gmail.com", "telefono": "863.640.8196", "tipoEncargado": "Otro", "nombreEncargado": "Ninoshka Ideliz Diaz Torres", "emailEncargado": "ndiaz5908@gmail.com", "telefonoEncargado": "939.377.2148", "escuela": 4}}, {"model": "administracion.alumno", "pk": 84, "fields": {"nombre": "Sophia", "apellidoPaterno": "Zoeth", "apellidoMaterno": "Rodríguez Román", "nivelEscolar": "Duodécimo", "direccion": "Calle Perpetuo Socorro 87A-9 Bo Corazón  Arroyo, PR 00784", "email": "sophiazoespc@gmail.com", "telefono": "407.530.8049", "tipoEncargado": "Otro", "nombreEncargado": "Nidia Ester Martínez Santiago", "emailEncargado": "lilin28lila@gmail.com", "telefonoEncargado": "787.557.8074", "escuela": 2}}, {"model": "administracion.alumno", "pk": 85, "fields": {"nombre": "Stephanie", "apellidoPaterno": "Enyeliz", "apellidoMaterno": "Rivera Rodríguez", "nivelEscolar": "Duodécimo", "direccion": "Calle Mar Blanco #213 Urb Miramar II y III Arroyo, PR 00714", "email": "e24452623@miescuela.pr", "telefono": "939.732.3664", "tipoEncargado": "Otro", "nombreEncargado": "Antonio RiveraTorres", "emailEncargado": "fany13206@gmail.com", "telefonoEncargado": "939.217.3652", "escuela": 2}}, {"model": "administracion.alumno", "pk": 86, "fields": {"nombre": "Steven", "apellidoPaterno": "Vázquez", "apellidoMaterno": "Thomas", "nivelEscolar": "Duodécimo", "direccion": "Urb. San Blas A4 Coamo, PR 00769", "email": "stevenvazquez2008@gmail.com", "telefono": "787.639.3307", "tipoEncargado": "Otro", "nombreEncargado": "Maritza Yamira Thomas Vitalí", "emailEncargado": "thomasmaritza.mt@gmail.com", "telefonoEncargado": "787.595.8373", "escuela": 16}}, {"model": "administracion.alumno", "pk": 87, "fields": {"nombre": "Taichalys", "apellidoPaterno": "Cintrón", "apellidoMaterno": "Sanabria", "nivelEscolar": "Undécimo", "direccion": "Com Las 500tas Calle Esmeralda #228  Arroyo, PR 00714", "email": "ctaichalys1012@gmail.com", "telefono": "939.732.9546", "tipoEncargado": "Otro", "nombreEncargado": "Rafael A. Cintrón Rodríguez", "emailEncargado": "rafaelcintrom@gmail.com", "telefonoEncargado": "787.929.4032", "escuela": 1}}, {"model": "administracion.alumno", "pk": 88, "fields": {"nombre": "Tatiana", "apellidoPaterno": "Camacho", "apellidoMaterno": "Rodríguez", "nivelEscolar": "Duodécimo", "direccion": "Calle C12 Jardines de Guamani Guayama, PR 00784", "email": "camachotati10@gmail.com", "telefono": "787.228.1329", "tipoEncargado": "Otro", "nombreEncargado": "Tania Rodríguez Colón", "emailEncargado": "tyrodri1414@gmail.com", "telefonoEncargado": "939.325.2333", "escuela": 4}}, {"model": "administracion.alumno", "pk": 89, "fields": {"nombre": "Tyron", "apellidoPaterno": "Jomar", "apellidoMaterno": "Haddock Arroyo", "nivelEscolar": "Duodécimo", "direccion": "PO Box 3318 Guayama, PR 00785", "email": "jomarschool@gmail.com", "telefono": "787.934.7710", "tipoEncargado": "Otro", "nombreEncargado": "Glorivee Arroyo Medina", "emailEncargado": "gloriveearroyomedina09@gmail.com", "telefonoEncargado": "787.934.7710", "escuela": 6}}, {"model": "administracion.alumno", "pk": 90, "fields": {"nombre": "Valentín", "apellidoPaterno": "Y", "apellidoMaterno": "Soto Acosta", "nivelEscolar": "Duodécimo", "direccion": "PO Box 1143 Arroyo, PR 00714", "email": "valentin.soto2780@yahoo.com", "telefono": "939.246.6968", "tipoEncargado": "Otro", "nombreEncargado": "Valentín Soto Banks", "emailEncargado": "mybc.moonbakers@gmail.com", "telefonoEncargado": "787.385.8763", "escuela": 6}}, {"model": "administracion.alumno", "pk": 91, "fields": {"nombre": "Wainel", "apellidoPaterno": "Omar", "apellidoMaterno": "Sánchez López", "nivelEscolar": "Undécimo", "direccion": "HC3 18129 Coamo, PR 00769", "email": "wainelsanchezlopez264@gmail.com", "telefono": "939.242.2895", "tipoEncargado": "Otro", "nombreEncargado": "Wanda López Santiago", "emailEncargado": "wandalopezsantiago9@gmail.com", "telefonoEncargado": "939.284.8813", "escuela": 1}}, {"model": "administracion.alumno", "pk": 92, "fields": {"nombre": "Wesley", "apellidoPaterno": "Yadiel", "apellidoMaterno": "Colón Torres", "nivelEscolar": "Duodécimo", "direccion": "Urb Guayama Valley #119 Calle Esmeralda Guayama, PR 00784", "email": "wesleyyadielcolontorres@gmail.com", "telefono": "939.245.1664", "tipoEncargado": "Otro", "nombreEncargado": "Leslie A Torres", "emailEncargado": "eilselann@yahoo.com", "telefonoEncargado": "939.260.9014", "escuela": 1}}, {"model": "administracion.alumno", "pk": 93, "fields": {"nombre": "Yadielis", "apellidoPaterno": "Ivelisse", "apellidoMaterno": "Colón Torres", "nivelEscolar": "Duodécimo", "direccion": "Urb Guayama Valley #119 Calle Esmeralda Guayama, PR 00784", "email": "civelisse886@gmail.com", "telefono": "939.246.8009", "tipoEncargado": "Otro", "nombreEncargado": "Lionel Colón", "emailEncargado": "eilselann@yahoo.com", "telefonoEncargado": "939.464.0897", "escuela": 1}}, {"model": "administracion.alumno", "pk": 94, "fields": {"nombre": "Yadrielys", "apellidoPaterno": "Marie", "apellidoMaterno": "Ruiz Ramos", "nivelEscolar": "Undécimo", "direccion": "HC1 Box 2074 Maunabo, PR 00707", "email": "yadrielysruizramos@gmail.com", "telefono": "939.406.1335", "tipoEncargado": "Otro", "nombreEncargado": "Damaris Ramos Bilbraut", "emailEncargado": "bilbrautdamaris10@icloud.com", "telefonoEncargado": "787.341.0886", "escuela": 1}}, {"model": "administracion.alumno", "pk": 95, "fields": {"nombre": "Yaidanessa", "apellidoPaterno": "Valentín", "apellidoMaterno": "", "nivelEscolar": "Duodécimo", "direccion": "Calle K#B-2 Urb Jardines de Lafayette", "email": "valentinyaidanessa@gmail.com", "telefono": "787.472.8890", "tipoEncargado": "Otro", "nombreEncargado": "Vanessa Valentín Boyrié", "emailEncargado": "tyariely@gmail.com", "telefonoEncargado": "787.518.7149", "escuela": 4}}, {"model": "administracion.alumno", "pk": 96, "fields": {"nombre": "Yaireliz", "apellidoPaterno": "Morales", "apellidoMaterno": "Torres", "nivelEscolar": "Duodécimo", "direccion": "Calle Onix Casa 318 Com Las  500tas Arroyo, PR 00714", "email": "yai.liz.nic@gmail.com", "telefono": "939.263.6680", "tipoEncargado": "Otro", "nombreEncargado": "Jesús M Morales Sánchez", "emailEncargado": "jesus.morales7873@gmail.com", "telefonoEncargado": "939.263.6680", "escuela": 5}}, {"model": "administracion.alumno", "pk": 97, "fields": {"nombre": "Yairiannis", "apellidoPaterno": "Guzmán", "apellidoMaterno": "Pesante", "nivelEscolar": "Duodécimo", "direccion": "", "email": "yairiannis.guzman868@gmail.com", "telefono": "939.251.3121", "tipoEncargado": "Otro", "nombreEncargado": "Yaralis Pesante", "emailEncargado": "yaralis_111@hotmail.com", "telefonoEncargado": "787.204.4630", "escuela": 6}}, {"model": "administracion.alumno", "pk": 98, "fields": {"nombre": "Yalexis", "apellidoPaterno": "Robles", "apellidoMaterno": "Osorio", "nivelEscolar": "Duodécimo", "direccion": "Res. Juan Jiménez Garcia Edf19 Apt#119 Caguas,PR", "email": "yaritza533@icloud.com", "telefono": "939.310.8121", "tipoEncargado": "Otro", "nombreEncargado": "Yaritza Osorio Cotto", "emailEncargado": "yaritza533@gmail.com", "telefonoEncargado": "787.469.3522", "escuela": 3}}, {"model": "administracion.alumno", "pk": 99, "fields": {"nombre": "Yandiel", "apellidoPaterno": "Uriel", "apellidoMaterno": "Camacho Figueroa", "nivelEscolar": "Undécimo", "direccion": "Calle Muńoz Rivera #99 Aguas Buenas, PR 00703", "email": "yandiel063@gmail.com", "telefono": "407.590.9975", "tipoEncargado": "Otro", "nombreEncargado": "Letynia Ivette Figueroa García", "emailEncargado": "Letyivette22@gmail.com", "telefonoEncargado": "787.346.6026", "escuela": 3}}, {"model": "administracion.alumno", "pk": 100, "fields": {"nombre": "Yareliz", "apellidoPaterno": "Paola", "apellidoMaterno": "Tejeda Vega", "nivelEscolar": "Duodécimo", "direccion": "HC1 Box 3151 Arroyo, PR 00714", "email": "ytejedavega@icloud.com", "telefono": "939.493.6510", "tipoEncargado": "Otro", "nombreEncargado": "Palmira Vega Rivera", "emailEncargado": "itayare@gmail.com", "telefonoEncargado": "787.314.2426", "escuela": 2}}, {"model": "administracion.alumno", "pk": 101, "fields": {"nombre": "Yariel", "apellidoPaterno": "Rodríguez", "apellidoMaterno": "Vicente", "nivelEscolar": "Duodécimo", "direccion": "Calle Carlos M Medina K-10 Urb Idamaris Gardens Caguas, PR 00725", "email": "yarovi2008@gmail.com\ne24349539@miescuela.pr", "telefono": "939.881.5057", "tipoEncargado": "Otro", "nombreEncargado": "Tracy Ambar Vicente Ortiz", "emailEncargado": "tracybell1986@gmail.com", "telefonoEncargado": "787.223.6595", "escuela": 3}}, {"model": "administracion.alumno", "pk": 102, "fields": {"nombre": "Yerielys", "apellidoPaterno": "C", "apellidoMaterno": "Rivera Gutiérrez", "nivelEscolar": "Duodécimo", "direccion": "Calle Narciso 849-58 Comunidad Miramar Guayama, PR 00784", "email": "yecamil0828@gmail.com", "telefono": "787.929.3374", "tipoEncargado": "Otro", "nombreEncargado": "Maricarmen Carmen Gutiérrez Ortiz", "emailEncargado": "marie.gutierrez0424@gmail.com", "telefonoEncargado": "787.929.9624", "escuela": 17}}, {"model": "administracion.alumno", "pk": 103, "fields": {"nombre": "Yorliann", "apellidoPaterno": "Álvarez", "apellidoMaterno": "Oliveras", "nivelEscolar": "Duodécimo", "direccion": "HC02 Box 12774 Aguas Buenas, PR 00703", "email": "yorlinnalvarez@gmail.com\ne24454573@miescuela.pr", "telefono": "939.286.2845", "tipoEncargado": "Otro", "nombreEncargado": "Kathiria Olivera Martínez", "emailEncargado": "koliveras888@gmail.com", "telefonoEncargado": "939.244.3196", "escuela": 3}}, {"model": "administracion.alumno", "pk": 104, "fields": {"nombre": "Zaidelis", "apellidoPaterno": "Godreau", "apellidoMaterno": "Carmona", "nivelEscolar": "Duodécimo", "direccion": "Urb. Jardines de Arroyo Calle Y C1 #39 Arroyo, PR 00714", "email": "zaidegodreau@gmail.com", "telefono": "939.454.0963", "tipoEncargado": "Otro", "nombreEncargado": "Zaida Carmona Estrada", "emailEncargado": "carmonazaida@gmail.com", "telefonoEncargado": "787.314.5549", "escuela": 2}}, {"model": "administracion.alumno", "pk": 105, "fields": {"nombre": "Zolymarie", "apellidoPaterno": "Ann", "apellidoMaterno": "Ortiz Alicea", "nivelEscolar": "Duodécimo", "direccion": "HC1 BOX 3578 Arroyo, PR 00714", "email": "zolymarieortizalicea@gmail.com", "telefono": "787.517.2441", "tipoEncargado": "Otro", "nombreEncargado": "Angélica Alicea Fuentes", "emailEncargado": "aalicealive@gmail.com", "telefonoEncargado": "787.557.5110", "escuela": 2}}, {"model": "administracion.alumno", "pk": 111, "fields": {"nombre": "Pendientes", "apellidoPaterno": "x", "apellidoMaterno": "nombrar", "nivelEscolar": "", "direccion": "", "email": "", "telefono": "", "tipoEncargado": "Otro", "nombreEncargado": "", "emailEncargado": "", "telefonoEncargado": "", "escuela": 18}}, {"model": "administracion.alumno", "pk": 116, "fields": {"nombre": "Alex D", "apellidoPaterno": "Medina", "apellidoMaterno": "Guzmán", "nivelEscolar": "No Especifico", "direccion": null, "email": "am3492985@gmail.com", "telefono": "8541.0", "tipoEncargado": "Madre", "nombreEncargado": null, "emailEncargado": null, "telefonoEncargado": null, "escuela": 22}}, {"model": "administracion.alumno", "pk": 117, "fields": {"nombre": "Ángel José", "apellidoPaterno": "Casul", "apellidoMaterno": "Cruz", "nivelEscolar": "No Especifico", "direccion": null, "email": "angeljcasulcruz@gmail.com", "telefono": "6986.0", "tipoEncargado": "Madre", "nombreEncargado": null, "emailEncargado": null, "telefonoEncargado": null, "escuela": 22}}, {"model": "administracion.alumno", "pk": 118, "fields": {"nombre": "Ciomarilliam Rosado", "apellidoPaterno": "Rodríguez", "apellidoMaterno": "", "nivelEscolar": "No Especifico", "direccion": null, "email": "crosadorodriguez.08@gmail.com", "telefono": "3031.0", "tipoEncargado": "Madre", "nombreEncargado": null, "emailEncargado": null, "telefonoEncargado": null, "escuela": 22}}, {"model": "administracion.alumno", "pk": 119, "fields": {"nombre": "Eneudis J", "apellidoPaterno": "Cruz", "apellidoMaterno": "Hernández", "nivelEscolar": "No Especifico", "direccion": null, "email": "hernandezjoc33@gmail.com ", "telefono": "1806.0", "tipoEncargado": "Madre", "nombreEncargado": null, "emailEncargado": null, "telefonoEncargado": null, "escuela": 22}}, {"model": "administracion.alumno", "pk": 120, "fields": {"nombre": "Jamilet Marie", "apellidoPaterno": "Echeverría", "apellidoMaterno": "Torres", "nivelEscolar": "No Especifico", "direccion": null, "email": "jamiletechevarria@gmail.com", "telefono": "7513.0", "tipoEncargado": "Madre", "nombreEncargado": null, "emailEncargado": null, "telefonoEncargado": null, "escuela": 22}}, {"model": "administracion.alumno", "pk": 121, "fields": {"nombre": "Jennieliz Michelle", "apellidoPaterno": "Norat", "apellidoMaterno": "Ortiz", "nivelEscolar": "No Especifico", "direccion": null, "email": "jennieliz08@gmail.com", "telefono": "5646.0", "tipoEncargado": "Madre", "nombreEncargado": null, "emailEncargado": null, "telefonoEncargado": null, "escuela": 22}}, {"model": "administracion.alumno", "pk": 122, "fields": {"nombre": "Laraiceliz Morales", "apellidoPaterno": "Meléndez", "apellidoMaterno": "", "nivelEscolar": "No Especifico", "direccion": null, "email": "mlaraicelis@gmail.com ", "telefono": "7328.0", "tipoEncargado": "Madre", "nombreEncargado": null, "emailEncargado": null, "telefonoEncargado": null, "escuela": 22}}, {"model": "administracion.alumno", "pk": 123, "fields": {"nombre": "Saybreliz Marie", "apellidoPaterno": "Ruiz", "apellidoMaterno": "Merle", "nivelEscolar": "No Especifico", "direccion": null, "email": "Smarie1215@icloud.com ", "telefono": "9576.0", "tipoEncargado": "Madre", "nombreEncargado": null, "emailEncargado": null, "telefonoEncargado": null, "escuela": 22}}, {"model": "administracion.alumno", "pk": 124, "fields": {"nombre": "Sheylean Torres", "apellidoPaterno": "Fernández", "apellidoMaterno": "", "nivelEscolar": "No Especifico", "direccion": null, "email": "sheyleantorres14@gmail.com", "telefono": "8663.0", "tipoEncargado": "Madre", "nombreEncargado": null, "emailEncargado": null, "telefonoEncargado": null, "escuela": 22}}, {"model": "administracion.alumno", "pk": 125, "fields": {"nombre": "Solmaris Rivera", "apellidoPaterno": "Reyes", "apellidoMaterno": "", "nivelEscolar": "No Especifico", "direccion": null, "email": "solmarisrivera22@gmail.com", "telefono": "1380.0", "tipoEncargado": "Madre", "nombreEncargado": null, "emailEncargado": null, "telefonoEncargado": null, "escuela": 22}}, {"model": "administracion.alumno", "pk": 126, "fields": {"nombre": "Tatiana Camacho", "apellidoPaterno": "Rodríguez", "apellidoMaterno": "", "nivelEscolar": "No Especifico", "direccion": null, "email": "camachotati10@gmail.com ", "telefono": "1329.0", "tipoEncargado": "Madre", "nombreEncargado": null, "emailEncargado": null, "telefonoEncargado": null, "escuela": 22}}, {"model": "administracion.alumno", "pk": 127, "fields": {"nombre": "Yalexis Robles", "apellidoPaterno": "Osorio", "apellidoMaterno": "", "nivelEscolar": "No Especifico", "direccion": null, "email": "yaritza533@icloud.com", "telefono": "8121.0", "tipoEncargado": "Madre", "nombreEncargado": null, "emailEncargado": null, "telefonoEncargado": null, "escuela": 22}}, {"model": "administracion.cargo", "pk": 1, "fields": {"nombre": "Consultor Educativo"}}, {"model": "administracion.cargo", "pk": 2, "fields": {"nombre": "Tutor"}}, {"model": "administracion.cargo", "pk": 3, "fields": {"nombre": "Mentor"}}, {"model": "administracion.cargo", "pk": 4, "fields": {"nombre": "Consejero"}}, {"model": "administracion.maestro", "pk": 1, "fields": {"nombre": "Belén", "apellido": "Izaguirre", "usuario": 2, "cargo": 1, "alumnos": []}}, {"model": "administracion.maestro", "pk": 2, "fields": {"nombre": "Gabriela", "apellido": "Vélez Rosado", "usuario": 3, "cargo": 1, "alumnos": []}}, {"model": "administracion.maestro", "pk": 3, "fields": {"nombre": "Guadalupe", "apellido": "Freire", "usuario": 4, "cargo": 1, "alumnos": []}}, {"model": "administracion.maestro", "pk": 4, "fields": {"nombre": "Hanzel", "apellido": "Rivera Díaz", "usuario": 5, "cargo": 1, "alumnos": []}}, {"model": "administracion.maestro", "pk": 5, "fields": {"nombre": "Keila", "apellido": "Santos Díaz", "usuario": 6, "cargo": 1, "alumnos": []}}, {"model": "administracion.maestro", "pk": 6, "fields": {"nombre": "Juan", "apellido": "Carlos Serrano Román", "usuario": 7, "cargo": 1, "alumnos": []}}, {"model": "administracion.maestro", "pk": 7, "fields": {"nombre": "Roberto", "apellido": "José Corsino Colón", "usuario": 8, "cargo": 1, "alumnos": []}}, {"model": "administracion.maestro", "pk": 8, "fields": {"nombre": "Génesis", "apellido": "Payano", "usuario": 9, "cargo": 1, "alumnos": []}}, {"model": "administracion.maestro", "pk": 9, "fields": {"nombre": "Ashly", "apellido": "Adames Berríos", "usuario": 10, "cargo": 1, "alumnos": []}}, {"model": "administracion.maestro", "pk": 10, "fields": {"nombre": "Ana", "apellido": "Andino Colón", "usuario": 11, "cargo": 1, "alumnos": []}}, {"model": "administracion.maestro", "pk": 11, "fields": {"nombre": "Kaishley", "apellido": "N Rivera Santiago", "usuario": 12, "cargo": 1, "alumnos": []}}, {"model": "administracion.maestro", "pk": 12, "fields": {"nombre": "Jessenia", "apellido": "M Aquino Báez", "usuario": 13, "cargo": 1, "alumnos": []}}, {"model": "administracion.maestro", "pk": 13, "fields": {"nombre": "Marcos", "apellido": "Gerardo Santos Rodríguez", "usuario": 14, "cargo": 1, "alumnos": []}}, {"model": "administracion.maestro", "pk": 14, "fields": {"nombre": "Guadalupe", "apellido": "Freire", "usuario": 15, "cargo": 2, "alumnos": [116, 118, 119, 120, 121, 122, 123, 124, 125, 126, 127, 117]}}, {"model": "administracion.maestro", "pk": 15, "fields": {"nombre": "Ashly M", "apellido": "Adames Berríos", "usuario": 16, "cargo": 3, "alumnos": [116, 118, 127, 117]}}, {"model": "administracion.maestro", "pk": 16, "fields": {"nombre": "Keila Santos", "apellido": "Díaz", "usuario": 17, "cargo": 4, "alumnos": [116, 119, 120, 122, 123, 125, 126, 127]}}, {"model": "administracion.maestro", "pk": 17, "fields": {"nombre": "Marcos G", "apellido": "Santos Rodríguez", "usuario": 18, "cargo": 4, "alumnos": [118, 121, 124, 117]}}, {"model": "administracion.maestro", "pk": 18, "fields": {"nombre": "Gabriela Vélez", "apellido": "Rosado", "usuario": 19, "cargo": 3, "alumnos": [119, 122]}}, {"model": "administracion.maestro", "pk": 19, "fields": {"nombre": "Roberto José", "apellido": "Corsino Colón", "usuario": 20, "cargo": 3, "alumnos": [121, 123, 124, 125]}}, {"model": "administracion.maestro", "pk": 20, "fields": {"nombre": "Juan Carlos", "apellido": "Serrano Román", "usuario": 21, "cargo": 4, "alumnos": [126]}}, {"model": "administracion.cliente", "pk": 1, "fields": {"nombre": "Cliente Test", "direccionFisica": null, "direccionPostal": null, "att": null, "departamento": null, "centroGestion": null}}, {"model": "administracion.proveedor", "pk": 1, "fields": {"nombre": "Prov Test", "telefono": "123", "fax": "456", "direccionFisica": null, "direccionPostal": null, "numeroFiscal": null}}, {"model": "registros.impuesto", "pk": 1, "fields": {"nombre": "IVA", "porcentaje": "21.00"}}, {"model": "registros.factura", "pk": 1, "fields": {"fechaCreacion": "2026-03-16T23:12:00.836", "fechaInicio": "2026-03-16T00:00:00", "fechaFin": "2026-03-16T00:00:00", "eliminada": false, "descripcion": "Factura Test", "terminosPago": "", "terminosPagoOtro": null, "mensajeInstitucional": null, "descripcionTareas": null, "logrosObtenidos": null, "cliente": 1, "proveedor": 1, "impuesto": 1, "usuario": 1, "proyectosServicios": [1]}}, {"model": "registros.factura", "pk": 2, "fields": {"fechaCreacion": "2026-03-16T23:12:36.602", "fechaInicio": "2026-03-16T00:00:00", "fechaFin": "2026-03-16T00:00:00", "eliminada": false, "descripcion": "Factura Test", "terminosPago": "", "terminosPagoOtro": null, "mensajeInstitucional": null, "descripcionTareas": null, "logrosObtenidos": null, "cliente": 1, "proveedor": 1, "impuesto": 1, "usuario": 1, "proyectosServicios": [1]}}, {"model": "registros.factura", "pk": 3, "fields": {"fechaCreacion": "2026-03-16T23:13:28.269", "fechaInicio": "2026-03-16T00:00:00", "fechaFin": "2026-03-16T00:00:00", "eliminada": false, "descripcion": "Factura Test", "terminosPago": "", "terminosPagoOtro": null, "mensajeInstitucional": null, "descripcionTareas": null, "logrosObtenidos": null, "cliente": 1, "proveedor": 1, "impuesto": 1, "usuario": 1, "proyectosServicios": [1]}}, {"model": "registros.registro", "pk": 1, "fields": {"fechaCreacion": "2026-03-16T23:12:00.827", "proyecto_servicio": 1, "alumno": 1, "comentario": null, "usuario": 1}}, {"model": "registros.registro", "pk": 2, "fields": {"fechaCreacion": "2026-03-30T10:37:59.833", "proyecto_servicio": 2, "alumno": 116, "comentario": null, "usuario": 1}}, {"model": "registros.registro", "pk": 3, "fields": {"fechaCreacion": "2026-03-30T10:37:59.845", "proyecto_servicio": 3, "alumno": 116, "comentario": null, "usuario": 1}}, {"model": "registros.registro", "pk": 4, "fields": {"fechaCreacion": "2026-03-30T10:37:59.854", "proyecto_servicio": 4, "alumno": 116, "comentario": null, "usuario": 1}}, {"model": "registros.registro", "pk": 5, "fields": {"fechaCreacion": "2026-03-30T10:38:00.224", "proyecto_servicio": 2, "alumno": 117, "comentario": null, "usuario": 1}}, {"model": "registros.registro", "pk": 6, "fields": {"fechaCreacion": "2026-03-30T10:38:00.236", "proyecto_servicio": 3, "alumno": 117, "comentario": null, "usuario": 1}}, {"model": "registros.registro", "pk": 7, "fields": {"fechaCreacion": "2026-03-30T10:38:00.246", "proyecto_servicio": 4, "alumno": 117, "comentario": null, "usuario": 1}}, {"model": "registros.registro", "pk": 8, "fields": {"fechaCreacion": "2026-03-30T10:38:00.251", "proyecto_servicio": 2, "alumno": 118, "comentario": null, "usuario": 1}}, {"model": "registros.registro", "pk": 9, "fields": {"fechaCreacion": "2026-03-30T10:38:00.263", "proyecto_servicio": 3, "alumno": 118, "comentario": null, "usuario": 1}}, {"model": "registros.registro", "pk": 10, "fields": {"fechaCreacion": "2026-03-30T10:38:00.266", "proyecto_servicio": 4, "alumno": 118, "comentario": null, "usuario": 1}}, {"model": "registros.registro", "pk": 11, "fields": {"fechaCreacion": "2026-03-30T10:38:00.635", "proyecto_servicio": 2, "alumno": 119, "comentario": null, "usuario": 1}}, {"model": "registros.registro", "pk": 12, "fields": {"fechaCreacion": "2026-03-30T10:38:00.646", "proyecto_servicio": 3, "alumno": 119, "comentario": null, "usuario": 1}}, {"model": "registros.registro", "pk": 13, "fields": {"fechaCreacion": "2026-03-30T10:38:00.655", "proyecto_servicio": 4, "alumno": 119, "comentario": null, "usuario": 1}}, {"model": "registros.registro", "pk": 14, "fields": {"fechaCreacion": "2026-03-30T10:38:00.660", "proyecto_servicio": 2, "alumno": 120, "comentario": null, "usuario": 1}}, {"model": "registros.registro", "pk": 15, "fields": {"fechaCreacion": "2026-03-30T10:38:00.672", "proyecto_servicio": 3, "alumno": 120, "comentario": null, "usuario": 1}}, {"model": "registros.registro", "pk": 16, "fields": {"fechaCreacion": "2026-03-30T10:38:00.682", "proyecto_servicio": 4, "alumno": 120, "comentario": null, "usuario": 1}}, {"model": "registros.registro", "pk": 17, "fields": {"fechaCreacion": "2026-03-30T10:38:01.054", "proyecto_servicio": 2, "alumno": 121, "comentario": null, "usuario": 1}}, {"model": "registros.registro", "pk": 18, "fields": {"fechaCreacion": "2026-03-30T10:38:01.066", "proyecto_servicio": 3, "alumno": 121, "comentario": null, "usuario": 1}}, {"model": "registros.registro", "pk": 19, "fields": {"fechaCreacion": "2026-03-30T10:38:01.074", "proyecto_servicio": 4, "alumno": 121, "comentario": null, "usuario": 1}}, {"model": "registros.registro", "pk": 20, "fields": {"fechaCreacion": "2026-03-30T10:38:01.081", "proyecto_servicio": 2, "alumno": 122, "comentario": null, "usuario": 1}}, {"model": "registros.registro", "pk": 21, "fields": {"fechaCreacion": "2026-03-30T10:38:01.092", "proyecto_servicio": 3, "alumno": 122, "comentario": null, "usuario": 1}}, {"model": "registros.registro", "pk": 22, "fields": {"fechaCreacion": "2026-03-30T10:38:01.100", "proyecto_servicio": 4, "alumno": 122, "comentario": null, "usuario": 1}}, {"model": "registros.registro", "pk": 23, "fields": {"fechaCreacion": "2026-03-30T10:38:01.105", "proyecto_servicio": 2, "alumno": 123, "comentario": null, "usuario": 1}}, {"model": "registros.registro", "pk": 24, "fields": {"fechaCreacion": "2026-03-30T10:38:01.117", "proyecto_servicio": 3, "alumno": 123, "comentario": null, "usuario": 1}}, {"model": "registros.registro", "pk": 25, "fields": {"fechaCreacion": "2026-03-30T10:38:01.125", "proyecto_servicio": 4, "alumno": 123, "comentario": null, "usuario": 1}}, {"model": "registros.registro", "pk": 26, "fields": {"fechaCreacion": "2026-03-30T10:38:01.131", "proyecto_servicio": 2, "alumno": 124, "comentario": null, "usuario": 1}}, {"model": "registros.registro", "pk": 27, "fields": {"fechaCreacion": "2026-03-30T10:38:01.142", "proyecto_servicio": 3, "alumno": 124, "comentario": null, "usuario": 1}}, {"model": "registros.registro", "pk": 28, "fields": {"fechaCreacion": "2026-03-30T10:38:01.150", "proyecto_servicio": 4, "alumno": 124, "comentario": null, "usuario": 1}}, {"model": "registros.registro", "pk": 29, "fields": {"fechaCreacion": "2026-03-30T10:38:01.155", "proyecto_servicio": 2, "alumno": 125, "comentario": null, "usuario": 1}}, {"model": "registros.registro", "pk": 30, "fields": {"fechaCreacion": "2026-03-30T10:38:01.167", "proyecto_servicio": 3, "alumno": 125, "comentario": null, "usuario": 1}}, {"model": "registros.registro", "pk": 31, "fields": {"fechaCreacion": "2026-03-30T10:38:01.174", "proyecto_servicio": 4, "alumno": 125, "comentario": null, "usuario": 1}}, {"model": "registros.registro", "pk": 32, "fields": {"fechaCreacion": "2026-03-30T10:38:01.547", "proyecto_servicio": 2, "alumno": 126, "comentario": null, "usuario": 1}}, {"model": "registros.registro", "pk": 33, "fields": {"fechaCreacion": "2026-03-30T10:38:01.558", "proyecto_servicio": 3, "alumno": 126, "comentario": null, "usuario": 1}}, {"model": "registros.registro", "pk": 34, "fields": {"fechaCreacion": "2026-03-30T10:38:01.567", "proyecto_servicio": 4, "alumno": 126, "comentario": null, "usuario": 1}}, {"model": "registros.registro", "pk": 35, "fields": {"fechaCreacion": "2026-03-30T10:38:01.573", "proyecto_servicio": 2, "alumno": 127, "comentario": null, "usuario": 1}}, {"model": "registros.registro", "pk": 36, "fields": {"fechaCreacion": "2026-03-30T10:38:01.584", "proyecto_servicio": 3, "alumno": 127, "comentario": null, "usuario": 1}}, {"model": "registros.registro", "pk": 37, "fields": {"fechaCreacion": "2026-03-30T10:38:01.593", "proyecto_servicio": 4, "alumno": 127, "comentario": null, "usuario": 1}}, {"model": "registros.registrodetalle", "pk": 1, "fields": {"fechaCreacion": "2026-03-16T23:12:00.846", "fechaHoraInicio": "2026-03-16T21:12:00.831", "fechaHoraFin": "2026-03-16T23:12:00.831", "registro": 1, "factura": 1, "usuario": 1, "comentario": "Test Hora"}}, {"model": "registros.registrodetalle", "pk": 2, "fields": {"fechaCreacion": "2026-03-16T23:12:36.613", "fechaHoraInicio": "2026-03-16T21:12:36.596", "fechaHoraFin": "2026-03-16T23:12:36.596", "registro": 1, "factura": 2, "usuario": 1, "comentario": "Test Hora"}}, {"model": "registros.registrodetalle", "pk": 3, "fields": {"fechaCreacion": "2026-03-16T23:13:28.280", "fechaHoraInicio": "2026-03-16T21:13:28.263", "fechaHoraFin": "2026-03-16T23:13:28.263", "registro": 1, "factura": 3, "usuario": 1, "comentario": "Test Hora"}}, {"model": "registros.registrodetalle", "pk": 4, "fields": {"fechaCreacion": "2026-03-30T10:37:59.834", "fechaHoraInicio": "2025-11-13T16:00:00", "fechaHoraFin": "2025-11-13T18:00:00", "registro": 2, "factura": null, "usuario": 1, "comentario": "Sesión importada de Excel (Tutor)"}}, {"model": "registros.registrodetalle", "pk": 5, "fields": {"fechaCreacion": "2026-03-30T10:37:59.835", "fechaHoraInicio": "2025-11-18T16:00:00", "fechaHoraFin": "2025-11-18T18:00:00", "registro": 2, "factura": null, "usuario": 1, "comentario": "Sesión importada de Excel (Tutor)"}}, {"model": "registros.registrodetalle", "pk": 6, "fields": {"fechaCreacion": "2026-03-30T10:37:59.835", "fechaHoraInicio": "2025-11-20T16:00:00", "fechaHoraFin": "2025-11-20T18:00:00", "registro": 2, "factura": null, "usuario": 1, "comentario": "Sesión importada de Excel (Tutor)"}}, {"model": "registros.registrodetalle", "pk": 7, "fields": {"fechaCreacion": "2026-03-30T10:37:59.835", "fechaHoraInicio": "2025-11-25T16:00:00", "fechaHoraFin": "2025-11-25T18:00:00", "registro": 2, "factura": null, "usuario": 1, "comentario": "Sesión importada de Excel (Tutor)"}}, {"model": "registros.registrodetalle", "pk": 8, "fields": {"fechaCreacion": "2026-03-30T10:37:59.836", "fechaHoraInicio": "2025-12-02T16:00:00", "fechaHoraFin": "2025-12-02T18:00:00", "registro": 2, "factura": null, "usuario": 1, "comentario": "Sesión importada de Excel (Tutor)"}}, {"model": "registros.registrodetalle", "pk": 9, "fields": {"fechaCreacion": "2026-03-30T10:37:59.836", "fechaHoraInicio": "2025-12-04T16:00:00", "fechaHoraFin": "2025-12-04T18:00:00", "registro": 2, "factura": null, "usuario": 1, "comentario": "Sesión importada de Excel (Tutor)"}}, {"model": "registros.registrodetalle", "pk": 10, "fields": {"fechaCreacion": "2026-03-30T10:37:59.837", "fechaHoraInicio": "2025-12-09T16:00:00", "fechaHoraFin": "2025-12-09T18:00:00", "registro": 2, "factura": null, "usuario": 1, "comentario": "Sesión importada de Excel (Tutor)"}}, {"model": "registros.registrodetalle", "pk": 11, "fields": {"fechaCreacion": "2026-03-30T10:37:59.837", "fechaHoraInicio": "2025-12-11T16:00:00", "fechaHoraFin": "2025-12-11T18:00:00", "registro": 2, "factura": null, "usuario": 1, "comentario": "Sesión importada de Excel (Tutor)"}}, {"model": "registros.registrodetalle", "pk": 12, "fields": {"fechaCreacion": "2026-03-30T10:37:59.837", "fechaHoraInicio": "2025-12-16T16:00:00", "fechaHoraFin": "2025-12-16T18:00:00", "registro": 2, "factura": null, "usuario": 1, "comentario": "Sesión importada de Excel (Tutor)"}}, {"model": "registros.registrodetalle", "pk": 13, "fields": {"fechaCreacion": "2026-03-30T10:37:59.838", "fechaHoraInicio": "2025-12-18T16:00:00", "fechaHoraFin": "2025-12-18T18:00:00", "registro": 2, "factura": null, "usuario": 1, "comentario": "Sesión importada de Excel (Tutor)"}}, {"model": "registros.registrodetalle", "pk": 14, "fields": {"fechaCreacion": "2026-03-30T10:37:59.838", "fechaHoraInicio": "2026-01-19T16:00:00", "fechaHoraFin": "2026-01-19T18:00:00", "registro": 2, "factura": null, "usuario": 1, "comentario": "Sesión importada de Excel (Tutor)"}}, {"model": "registros.registrodetalle", "pk": 15, "fields": {"fechaCreacion": "2026-03-30T10:37:59.839", "fechaHoraInicio": "2026-01-20T16:00:00", "fechaHoraFin": "2026-01-20T18:00:00", "registro": 2, "factura": null, "usuario": 1, "comentario": "Sesión importada de Excel (Tutor)"}}, {"model": "registros.registrodetalle", "pk": 16, "fields": {"fechaCreacion": "2026-03-30T10:37:59.839", "fechaHoraInicio": "2026-01-21T16:00:00", "fechaHoraFin": "2026-01-21T18:00:00", "registro": 2, "factura": null, "usuario": 1, "comentario": "Sesión importada de Excel (Tutor)"}}, {"model": "registros.registrodetalle", "pk": 17, "fields": {"fechaCreacion": "2026-03-30T10:37:59.839", "fechaHoraInicio": "2026-01-22T16:00:00", "fechaHoraFin": "2026-01-22T18:00:00", "registro": 2, "factura": null, "usuario": 1, "comentario": "Sesión importada de Excel (Tutor)"}}, {"model": "registros.registrodetalle", "pk": 18, "fields": {"fechaCreacion": "2026-03-30T10:37:59.840", "fechaHoraInicio": "2026-01-26T16:00:00", "fechaHoraFin": "2026-01-26T18:00:00", "registro": 2, "factura": null, "usuario": 1, "comentario": "Sesión importada de Excel (Tutor)"}}, {"model": "registros.registrodetalle", "pk": 19, "fields": {"fechaCreacion": "2026-03-30T10:37:59.840", "fechaHoraInicio": "2026-01-27T16:00:00", "fechaHoraFin": "2026-01-27T18:00:00", "registro": 2, "factura": null, "usuario": 1, "comentario": "Sesión importada de Excel (Tutor)"}}, {"model": "registros.registrodetalle", "pk": 20, "fields": {"fechaCreacion": "2026-03-30T10:37:59.841", "fechaHoraInicio": "2026-01-28T16:00:00", "fechaHoraFin": "2026-01-28T18:00:00", "registro": 2, "factura": null, "usuario": 1, "comentario": "Sesión importada de Excel (Tutor)"}}, {"model": "registros.registrodetalle", "pk": 21, "fields": {"fechaCreacion": "2026-03-30T10:37:59.841", "fechaHoraInicio": "2026-01-29T16:00:00", "fechaHoraFin": "2026-01-29T18:00:00", "registro": 2, "factura": null, "usuario": 1, "comentario": "Sesión importada de Excel (Tutor)"}}, {"model": "registros.registrodetalle", "pk": 22, "fields": {"fechaCreacion": "2026-03-30T10:37:59.841", "fechaHoraInicio": "2026-02-02T16:00:00", "fechaHoraFin": "2026-02-02T18:00:00", "registro": 2, "factura": null, "usuario": 1, "comentario": "Sesión importada de Excel (Tutor)"}}, {"model": "registros.registrodetalle", "pk": 23, "fields": {"fechaCreacion": "2026-03-30T10:37:59.842", "fechaHoraInicio": "2026-02-03T16:00:00", "fechaHoraFin": "2026-02-03T18:00:00", "registro": 2, "factura": null, "usuario": 1, "comentario": "Sesión importada de Excel (Tutor)"}}, {"model": "registros.registrodetalle", "pk": 24, "fields": {"fechaCreacion": "2026-03-30T10:37:59.842", "fechaHoraInicio": "2026-02-04T16:00:00", "fechaHoraFin": "2026-02-04T18:00:00", "registro": 2, "factura": null, "usuario": 1, "comentario": "Sesión importada de Excel (Tutor)"}}, {"model": "registros.registrodetalle", "pk": 25, "fields": {"fechaCreacion": "2026-03-30T10:37:59.842", "fechaHoraInicio": "2026-02-05T16:00:00", "fechaHoraFin": "2026-02-05T18:00:00", "registro": 2, "factura": null, "usuario": 1, "comentario": "Sesión importada de Excel (Tutor)"}}, {"model": "registros.registrodetalle", "pk": 26, "fields": {"fechaCreacion": "2026-03-30T10:37:59.843", "fechaHoraInicio": "2026-02-09T16:00:00", "fechaHoraFin": "2026-02-09T18:00:00", "registro": 2, "factura": null, "usuario": 1, "comentario": "Sesión importada de Excel (Tutor)"}}, {"model": "registros.registrodetalle", "pk": 27, "fields": {"fechaCreacion": "2026-03-30T10:37:59.843", "fechaHoraInicio": "2026-02-10T16:00:00", "fechaHoraFin": "2026-02-10T18:00:00", "registro": 2, "factura": null, "usuario": 1, "comentario": "Sesión importada de Excel (Tutor)"}}, {"model": "registros.registrodetalle", "pk": 28, "fields": {"fechaCreacion": "2026-03-30T10:37:59.844", "fechaHoraInicio": "2026-02-11T16:00:00", "fechaHoraFin": "2026-02-11T18:00:00", "registro": 2, "factura": null, "usuario": 1, "comentario": "Sesión importada de Excel (Tutor)"}}, {"model": "registros.registrodetalle", "pk": 29, "fields": {"fechaCreacion": "2026-03-30T10:37:59.844", "fechaHoraInicio": "2026-02-12T16:00:00", "fechaHoraFin": "2026-02-12T18:00:00", "registro": 2, "factura": null, "usuario": 1, "comentario": "Sesión importada de Excel (Tutor)"}}, {"model": "registros.registrodetalle", "pk": 30, "fields": {"fechaCreacion": "2026-03-30T10:37:59.845", "fechaHoraInicio": "2026-02-16T16:00:00", "fechaHoraFin": "2026-02-16T18:00:00", "registro": 2, "factura": null, "usuario": 1, "comentario": "Sesión importada de Excel (Tutor)"}}, {"model": "registros.registrodetalle", "pk": 31, "fields": {"fechaCreacion": "2026-03-30T10:37:59.845", "fechaHoraInicio": "2026-02-17T16:00:00", "fechaHoraFin": "2026-02-17T18:00:00", "registro": 2, "factura": null, "usuario": 1, "comentario": "Sesión importada de Excel (Tutor)"}}, {"model": "registros.registrodetalle", "pk": 32, "fields": {"fechaCreacion": "2026-03-30T10:37:59.846", "fechaHoraInicio": "2026-02-19T16:00:00", "fechaHoraFin": "2026-02-19T18:00:00", "registro": 3, "factura": null, "usuario": 1, "comentario": "Sesión importada de Excel (Mentor)"}}, {"model": "registros.registrodetalle", "pk": 33, "fields": {"fechaCreacion": "2026-03-30T10:37:59.846", "fechaHoraInicio": "2026-02-23T16:00:00", "fechaHoraFin": "2026-02-23T18:00:00", "registro": 3, "factura": null, "usuario": 1, "comentario": "Sesión importada de Excel (Mentor)"}}, {"model": "registros.registrodetalle", "pk": 34, "fields": {"fechaCreacion": "2026-03-30T10:37:59.847", "fechaHoraInicio": "2026-02-24T16:00:00", "fechaHoraFin": "2026-02-24T18:00:00", "registro": 3, "factura": null, "usuario": 1, "comentario": "Sesión importada de Excel (Mentor)"}}, {"model": "registros.registrodetalle", "pk": 35, "fields": {"fechaCreacion": "2026-03-30T10:37:59.847", "fechaHoraInicio": "2026-02-25T16:00:00", "fechaHoraFin": "2026-02-25T18:00:00", "registro": 3, "factura": null, "usuario": 1, "comentario": "Sesión importada de Excel (Mentor)"}}, {"model": "registros.registrodetalle", "pk": 36, "fields": {"fechaCreacion": "2026-03-30T10:37:59.847", "fechaHoraInicio": "2026-02-26T16:00:00", "fechaHoraFin": "2026-02-26T18:00:00", "registro": 3, "factura": null, "usuario": 1, "comentario": "Sesión importada de Excel (Mentor)"}}, {"model": "registros.registrodetalle", "pk": 37, "fields": {"fechaCreacion": "2026-03-30T10:37:59.848", "fechaHoraInicio": "2026-03-02T16:00:00", "fechaHoraFin": "2026-03-02T18:00:00", "registro": 3, "factura": null, "usuario": 1, "comentario": "Sesión importada de Excel (Mentor)"}}, {"model": "registros.registrodetalle", "pk": 38, "fields": {"fechaCreacion": "2026-03-30T10:37:59.848", "fechaHoraInicio": "2026-03-03T16:00:00", "fechaHoraFin": "2026-03-03T18:00:00", "registro": 3, "factura": null, "usuario": 1, "comentario": "Sesión importada de Excel (Mentor)"}}, {"model": "registros.registrodetalle", "pk": 39, "fields": {"fechaCreacion": "2026-03-30T10:37:59.849", "fechaHoraInicio": "2026-03-04T16:00:00", "fechaHoraFin": "2026-03-04T18:00:00", "registro": 3, "factura": null, "usuario": 1, "comentario": "Sesión importada de Excel (Mentor)"}}, {"model": "registros.registrodetalle", "pk": 40, "fields": {"fechaCreacion": "2026-03-30T10:37:59.849", "fechaHoraInicio": "2026-03-05T16:00:00", "fechaHoraFin": "2026-03-05T18:00:00", "registro": 3, "factura": null, "usuario": 1, "comentario": "Sesión importada de Excel (Mentor)"}}, {"model": "registros.registrodetalle", "pk": 41, "fields": {"fechaCreacion": "2026-03-30T10:37:59.849", "fechaHoraInicio": "2026-03-09T16:00:00", "fechaHoraFin": "2026-03-09T18:00:00", "registro": 3, "factura": null, "usuario": 1, "comentario": "Sesión importada de Excel (Mentor)"}}, {"model": "registros.registrodetalle", "pk": 42, "fields": {"fechaCreacion": "2026-03-30T10:37:59.850", "fechaHoraInicio": "2026-03-10T16:00:00", "fechaHoraFin": "2026-03-10T18:00:00", "registro": 3, "factura": null, "usuario": 1, "comentario": "Sesión importada de Excel (Mentor)"}}, {"model": "registros.registrodetalle", "pk": 43, "fields": {"fechaCreacion": "2026-03-30T10:37:59.850", "fechaHoraInicio": "2026-03-11T16:00:00", "fechaHoraFin": "2026-03-11T18:00:00", "registro": 3, "factura": null, "usuario": 1, "comentario": "Sesión importada de Excel (Mentor)"}}, {"model": "registros.registrodetalle", "pk": 44, "fields": {"fechaCreacion": "2026-03-30T10:37:59.851", "fechaHoraInicio": "2026-03-12T16:00:00", "fechaHoraFin": "2026-03-12T18:00:00", "registro": 3, "factura": null, "usuario": 1, "comentario": "Sesión importada de Excel (Mentor)"}}, {"model": "registros.registrodetalle", "pk": 45, "fields": {"fechaCreacion": "2026-03-30T10:37:59.851", "fechaHoraInicio": "2026-03-16T16:00:00", "fechaHoraFin": "2026-03-16T18:00:00", "registro": 3, "factura": null, "usuario": 1, "comentario": "Sesión importada de Excel (Mentor)"}}, {"model": "registros.registrodetalle", "pk": 46, "fields": {"fechaCreacion": "2026-03-30T10:37:59.851", "fechaHoraInicio": "2026-03-17T16:00:00", "fechaHoraFin": "2026-03-17T18:00:00", "registro": 3, "factura": null, "usuario": 1, "comentario": "Sesión importada de Excel (Mentor)"}}, {"model": "registros.registrodetalle", "pk": 47, "fields": {"fechaCreacion": "2026-03-30T10:37:59.852", "fechaHoraInicio": "2026-03-18T16:00:00", "fechaHoraFin": "2026-03-18T18:00:00", "registro": 3, "factura": null, "usuario": 1, "comentario": "Sesión importada de Excel (Mentor)"}}, {"model": "registros.registrodetalle", "pk": 48, "fields": {"fechaCreacion": "2026-03-30T10:37:59.852", "fechaHoraInicio": "2026-03-19T16:00:00", "fechaHoraFin": "2026-03-19T18:00:00", "registro": 3, "factura": null, "usuario": 1, "comentario": "Sesión importada de Excel (Mentor)"}}, {"model": "registros.registrodetalle", "pk": 49, "fields": {"fechaCreacion": "2026-03-30T10:37:59.852", "fechaHoraInicio": "2026-03-23T16:00:00", "fechaHoraFin": "2026-03-23T18:00:00", "registro": 3, "factura": null, "usuario": 1, "comentario": "Sesión importada de Excel (Mentor)"}}, {"model": "registros.registrodetalle", "pk": 50, "fields": {"fechaCreacion": "2026-03-30T10:37:59.853", "fechaHoraInicio": "2026-03-24T16:00:00", "fechaHoraFin": "2026-03-24T18:00:00", "registro": 3, "factura": null, "usuario": 1, "comentario": "Sesión importada de Excel (Mentor)"}}, {"model": "registros.registrodetalle", "pk": 51, "fields": {"fechaCreacion": "2026-03-30T10:37:59.853", "fechaHoraInicio": "2026-03-25T16:00:00", "fechaHoraFin": "2026-03-25T18:00:00", "registro": 3, "factura": null, "usuario": 1, "comentario": "Sesión importada de Excel (Mentor)"}}, {"model": "registros.registrodetalle", "pk": 52, "fields": {"fechaCreacion": "2026-03-30T10:37:59.854", "fechaHoraInicio": "2026-03-26T16:00:00", "fechaHoraFin": "2026-03-26T18:00:00", "registro": 3, "factura": null, "usuario": 1, "comentario": "Sesión importada de Excel (Mentor)"}}, {"model": "registros.registrodetalle", "pk": 53, "fields": {"fechaCreacion": "2026-03-30T10:37:59.854", "fechaHoraInicio": "2025-11-15T08:30:00", "fechaHoraFin": "2025-11-15T13:30:00", "registro": 4, "factura": null, "usuario": 1, "comentario": "Sesión importada de Excel (Consejero)"}}, {"model": "registros.registrodetalle", "pk": 54, "fields": {"fechaCreacion": "2026-03-30T10:37:59.855", "fechaHoraInicio": "2025-11-29T08:30:00", "fechaHoraFin": "2025-11-29T13:30:00", "registro": 4, "factura": null, "usuario": 1, "comentario": "Sesión importada de Excel (Consejero)"}}, {"model": "registros.registrodetalle", "pk": 55, "fields": {"fechaCreacion": "2026-03-30T10:37:59.855", "fechaHoraInicio": "2025-12-20T08:30:00", "fechaHoraFin": "2025-12-20T13:30:00", "registro": 4, "factura": null, "usuario": 1, "comentario": "Sesión importada de Excel (Consejero)"}}, {"model": "registros.registrodetalle", "pk": 56, "fields": {"fechaCreacion": "2026-03-30T10:37:59.856", "fechaHoraInicio": "2026-01-24T08:30:00", "fechaHoraFin": "2026-01-24T13:30:00", "registro": 4, "factura": null, "usuario": 1, "comentario": "Sesión importada de Excel (Consejero)"}}, {"model": "registros.registrodetalle", "pk": 57, "fields": {"fechaCreacion": "2026-03-30T10:38:00.225", "fechaHoraInicio": "2025-11-13T16:00:00", "fechaHoraFin": "2025-11-13T18:00:00", "registro": 5, "factura": null, "usuario": 1, "comentario": "Sesión importada de Excel (Tutor)"}}, {"model": "registros.registrodetalle", "pk": 58, "fields": {"fechaCreacion": "2026-03-30T10:38:00.225", "fechaHoraInicio": "2025-11-18T16:00:00", "fechaHoraFin": "2025-11-18T18:00:00", "registro": 5, "factura": null, "usuario": 1, "comentario": "Sesión importada de Excel (Tutor)"}}, {"model": "registros.registrodetalle", "pk": 59, "fields": {"fechaCreacion": "2026-03-30T10:38:00.225", "fechaHoraInicio": "2025-11-20T16:00:00", "fechaHoraFin": "2025-11-20T18:00:00", "registro": 5, "factura": null, "usuario": 1, "comentario": "Sesión importada de Excel (Tutor)"}}, {"model": "registros.registrodetalle", "pk": 60, "fields": {"fechaCreacion": "2026-03-30T10:38:00.226", "fechaHoraInicio": "2025-11-25T16:00:00", "fechaHoraFin": "2025-11-25T18:00:00", "registro": 5, "factura": null, "usuario": 1, "comentario": "Sesión importada de Excel (Tutor)"}}, {"model": "registros.registrodetalle", "pk": 61, "fields": {"fechaCreacion": "2026-03-30T10:38:00.226", "fechaHoraInicio": "2025-12-02T16:00:00", "fechaHoraFin": "2025-12-02T18:00:00", "registro": 5, "factura": null, "usuario": 1, "comentario": "Sesión importada de Excel (Tutor)"}}, {"model": "registros.registrodetalle", "pk": 62, "fields": {"fechaCreacion": "2026-03-30T10:38:00.227", "fechaHoraInicio": "2025-12-04T16:00:00", "fechaHoraFin": "2025-12-04T18:00:00", "registro": 5, "factura": null, "usuario": 1, "comentario": "Sesión importada de Excel (Tutor)"}}, {"model": "registros.registrodetalle", "pk": 63, "fields": {"fechaCreacion": "2026-03-30T10:38:00.227", "fechaHoraInicio": "2025-12-09T16:00:00", "fechaHoraFin": "2025-12-09T18:00:00", "registro": 5, "factura": null, "usuario": 1, "comentario": "Sesión importada de Excel (Tutor)"}}, {"model": "registros.registrodetalle", "pk": 64, "fields": {"fechaCreacion": "2026-03-30T10:38:00.228", "fechaHoraInicio": "2025-12-11T16:00:00", "fechaHoraFin": "2025-12-11T18:00:00", "registro": 5, "factura": null, "usuario": 1, "comentario": "Sesión importada de Excel (Tutor)"}}, {"model": "registros.registrodetalle", "pk": 65, "fields": {"fechaCreacion": "2026-03-30T10:38:00.228", "fechaHoraInicio": "2025-12-16T16:00:00", "fechaHoraFin": "2025-12-16T18:00:00", "registro": 5, "factura": null, "usuario": 1, "comentario": "Sesión importada de Excel (Tutor)"}}, {"model": "registros.registrodetalle", "pk": 66, "fields": {"fechaCreacion": "2026-03-30T10:38:00.229", "fechaHoraInicio": "2025-12-18T16:00:00", "fechaHoraFin": "2025-12-18T18:00:00", "registro": 5, "factura": null, "usuario": 1, "comentario": "Sesión importada de Excel (Tutor)"}}, {"model": "registros.registrodetalle", "pk": 67, "fields": {"fechaCreacion": "2026-03-30T10:38:00.229", "fechaHoraInicio": "2026-01-19T16:00:00", "fechaHoraFin": "2026-01-19T18:00:00", "registro": 5, "factura": null, "usuario": 1, "comentario": "Sesión importada de Excel (Tutor)"}}, {"model": "registros.registrodetalle", "pk": 68, "fields": {"fechaCreacion": "2026-03-30T10:38:00.229", "fechaHoraInicio": "2026-01-20T16:00:00", "fechaHoraFin": "2026-01-20T18:00:00", "registro": 5, "factura": null, "usuario": 1, "comentario": "Sesión importada de Excel (Tutor)"}}, {"model": "registros.registrodetalle", "pk": 69, "fields": {"fechaCreacion": "2026-03-30T10:38:00.230", "fechaHoraInicio": "2026-01-21T16:00:00", "fechaHoraFin": "2026-01-21T18:00:00", "registro": 5, "factura": null, "usuario": 1, "comentario": "Sesión importada de Excel (Tutor)"}}, {"model": "registros.registrodetalle", "pk": 70, "fields": {"fechaCreacion": "2026-03-30T10:38:00.230", "fechaHoraInicio": "2026-01-22T16:00:00", "fechaHoraFin": "2026-01-22T18:00:00", "registro": 5, "factura": null, "usuario": 1, "comentario": "Sesión importada de Excel (Tutor)"}}, {"model": "registros.registrodetalle", "pk": 71, "fields": {"fechaCreacion": "2026-03-30T10:38:00.231", "fechaHoraInicio": "2026-01-26T16:00:00", "fechaHoraFin": "2026-01-26T18:00:00", "registro": 5, "factura": null, "usuario": 1, "comentario": "Sesión importada de Excel (Tutor)"}}, {"model": "registros.registrodetalle", "pk": 72, "fields": {"fechaCreacion": "2026-03-30T10:38:00.231", "fechaHoraInicio": "2026-01-27T16:00:00", "fechaHoraFin": "2026-01-27T18:00:00", "registro": 5, "factura": null, "usuario": 1, "comentario": "Sesión importada de Excel (Tutor)"}}, {"model": "registros.registrodetalle", "pk": 73, "fields": {"fechaCreacion": "2026-03-30T10:38:00.231", "fechaHoraInicio": "2026-01-28T16:00:00", "fechaHoraFin": "2026-01-28T18:00:00", "registro": 5, "factura": null, "usuario": 1, "comentario": "Sesión importada de Excel (Tutor)"}}, {"model": "registros.registrodetalle", "pk": 74, "fields": {"fechaCreacion": "2026-03-30T10:38:00.232", "fechaHoraInicio": "2026-01-29T16:00:00", "fechaHoraFin": "2026-01-29T18:00:00", "registro": 5, "factura": null, "usuario": 1, "comentario": "Sesión importada de Excel (Tutor)"}}, {"model": "registros.registrodetalle", "pk": 75, "fields": {"fechaCreacion": "2026-03-30T10:38:00.232", "fechaHoraInicio": "2026-02-02T16:00:00", "fechaHoraFin": "2026-02-02T18:00:00", "registro": 5, "factura": null, "usuario": 1, "comentario": "Sesión importada de Excel (Tutor)"}}, {"model": "registros.registrodetalle", "pk": 76, "fields": {"fechaCreacion": "2026-03-30T10:38:00.232", "fechaHoraInicio": "2026-02-03T16:00:00", "fechaHoraFin": "2026-02-03T18:00:00", "registro": 5, "factura": null, "usuario": 1, "comentario": "Sesión importada de Excel (Tutor)"}}, {"model": "registros.registrodetalle", "pk": 77, "fields": {"fechaCreacion": "2026-03-30T10:38:00.233", "fechaHoraInicio": "2026-02-04T16:00:00", "fechaHoraFin": "2026-02-04T18:00:00", "registro": 5, "factura": null, "usuario": 1, "comentario": "Sesión importada de Excel (Tutor)"}}, {"model": "registros.registrodetalle", "pk": 78, "fields": {"fechaCreacion": "2026-03-30T10:38:00.233", "fechaHoraInicio": "2026-02-05T16:00:00", "fechaHoraFin": "2026-02-05T18:00:00", "registro": 5, "factura": null, "usuario": 1, "comentario": "Sesión importada de Excel (Tutor)"}}, {"model": "registros.registrodetalle", "pk": 79, "fields": {"fechaCreacion": "2026-03-30T10:38:00.233", "fechaHoraInicio": "2026-02-09T16:00:00", "fechaHoraFin": "2026-02-09T18:00:00", "registro": 5, "factura": null, "usuario": 1, "comentario": "Sesión importada de Excel (Tutor)"}}, {"model": "registros.registrodetalle", "pk": 80, "fields": {"fechaCreacion": "2026-03-30T10:38:00.234", "fechaHoraInicio": "2026-02-10T16:00:00", "fechaHoraFin": "2026-02-10T18:00:00", "registro": 5, "factura": null, "usuario": 1, "comentario": "Sesión importada de Excel (Tutor)"}}, {"model": "registros.registrodetalle", "pk": 81, "fields": {"fechaCreacion": "2026-03-30T10:38:00.234", "fechaHoraInicio": "2026-02-11T16:00:00", "fechaHoraFin": "2026-02-11T18:00:00", "registro": 5, "factura": null, "usuario": 1, "comentario": "Sesión importada de Excel (Tutor)"}}, {"model": "registros.registrodetalle", "pk": 82, "fields": {"fechaCreacion": "2026-03-30T10:38:00.235", "fechaHoraInicio": "2026-02-12T16:00:00", "fechaHoraFin": "2026-02-12T18:00:00", "registro": 5, "factura": null, "usuario": 1, "comentario": "Sesión importada de Excel (Tutor)"}}, {"model": "registros.registrodetalle", "pk": 83, "fields": {"fechaCreacion": "2026-03-30T10:38:00.235", "fechaHoraInicio": "2026-02-16T16:00:00", "fechaHoraFin": "2026-02-16T18:00:00", "registro": 5, "factura": null, "usuario": 1, "comentario": "Sesión importada de Excel (Tutor)"}}, {"model": "registros.registrodetalle", "pk": 84, "fields": {"fechaCreacion": "2026-03-30T10:38:00.235", "fechaHoraInicio": "2026-02-17T16:00:00", "fechaHoraFin": "2026-02-17T18:00:00", "registro": 5, "factura": null, "usuario": 1, "comentario": "Sesión importada de Excel (Tutor)"}}, {"model": "registros.registrodetalle", "pk": 85, "fields": {"fechaCreacion": "2026-03-30T10:38:00.236", "fechaHoraInicio": "2026-02-19T16:00:00", "fechaHoraFin": "2026-02-19T18:00:00", "registro": 6, "factura": null, "usuario": 1, "comentario": "Sesión importada de Excel (Mentor)"}}, {"model": "registros.registrodetalle", "pk": 86, "fields": {"fechaCreacion": "2026-03-30T10:38:00.237", "fechaHoraInicio": "2026-02-23T16:00:00", "fechaHoraFin": "2026-02-23T18:00:00", "registro": 6, "factura": null, "usuario": 1, "comentario": "Sesión importada de Excel (Mentor)"}}, {"model": "registros.registrodetalle", "pk": 87, "fields": {"fechaCreacion": "2026-03-30T10:38:00.237", "fechaHoraInicio": "2026-02-24T16:00:00", "fechaHoraFin": "2026-02-24T18:00:00", "registro": 6, "factura": null, "usuario": 1, "comentario": "Sesión importada de Excel (Mentor)"}}, {"model": "registros.registrodetalle", "pk": 88, "fields": {"fechaCreacion": "2026-03-30T10:38:00.238", "fechaHoraInicio": "2026-02-25T16:00:00", "fechaHoraFin": "2026-02-25T18:00:00", "registro": 6, "factura": null, "usuario": 1, "comentario": "Sesión importada de Excel (Mentor)"}}, {"model": "registros.registrodetalle", "pk": 89, "fields": {"fechaCreacion": "2026-03-30T10:38:00.238", "fechaHoraInicio": "2026-02-26T16:00:00", "fechaHoraFin": "2026-02-26T18:00:00", "registro": 6, "factura": null, "usuario": 1, "comentario": "Sesión importada de Excel (Mentor)"}}, {"model": "registros.registrodetalle", "pk": 90, "fields": {"fechaCreacion": "2026-03-30T10:38:00.238", "fechaHoraInicio": "2026-03-02T16:00:00", "fechaHoraFin": "2026-03-02T18:00:00", "registro": 6, "factura": null, "usuario": 1, "comentario": "Sesión importada de Excel (Mentor)"}}, {"model": "registros.registrodetalle", "pk": 91, "fields": {"fechaCreacion": "2026-03-30T10:38:00.239", "fechaHoraInicio": "2026-03-03T16:00:00", "fechaHoraFin": "2026-03-03T18:00:00", "registro": 6, "factura": null, "usuario": 1, "comentario": "Sesión importada de Excel (Mentor)"}}, {"model": "registros.registrodetalle", "pk": 92, "fields": {"fechaCreacion": "2026-03-30T10:38:00.239", "fechaHoraInicio": "2026-03-04T16:00:00", "fechaHoraFin": "2026-03-04T18:00:00", "registro": 6, "factura": null, "usuario": 1, "comentario": "Sesión importada de Excel (Mentor)"}}, {"model": "registros.registrodetalle", "pk": 93, "fields": {"fechaCreacion": "2026-03-30T10:38:00.240", "fechaHoraInicio": "2026-03-05T16:00:00", "fechaHoraFin": "2026-03-05T18:00:00", "registro": 6, "factura": null, "usuario": 1, "comentario": "Sesión importada de Excel (Mentor)"}}, {"model": "registros.registrodetalle", "pk": 94, "fields": {"fechaCreacion": "2026-03-30T10:38:00.240", "fechaHoraInicio": "2026-03-09T16:00:00", "fechaHoraFin": "2026-03-09T18:00:00", "registro": 6, "factura": null, "usuario": 1, "comentario": "Sesión importada de Excel (Mentor)"}}, {"model": "registros.registrodetalle", "pk": 95, "fields": {"fechaCreacion": "2026-03-30T10:38:00.240", "fechaHoraInicio": "2026-03-10T16:00:00", "fechaHoraFin": "2026-03-10T18:00:00", "registro": 6, "factura": null, "usuario": 1, "comentario": "Sesión importada de Excel (Mentor)"}}, {"model": "registros.registrodetalle", "pk": 96, "fields": {"fechaCreacion": "2026-03-30T10:38:00.241", "fechaHoraInicio": "2026-03-11T16:00:00", "fechaHoraFin": "2026-03-11T18:00:00", "registro": 6, "factura": null, "usuario": 1, "comentario": "Sesión importada de Excel (Mentor)"}}, {"model": "registros.registrodetalle", "pk": 97, "fields": {"fechaCreacion": "2026-03-30T10:38:00.241", "fechaHoraInicio": "2026-03-12T16:00:00", "fechaHoraFin": "2026-03-12T18:00:00", "registro": 6, "factura": null, "usuario": 1, "comentario": "Sesión importada de Excel (Mentor)"}}, {"model": "registros.registrodetalle", "pk": 98, "fields": {"fechaCreacion": "2026-03-30T10:38:00.241", "fechaHoraInicio": "2026-03-16T16:00:00", "fechaHoraFin": "2026-03-16T18:00:00", "registro": 6, "factura": null, "usuario": 1, "comentario": "Sesión importada de Excel (Mentor)"}}, {"model": "registros.registrodetalle", "pk": 99, "fields": {"fechaCreacion": "2026-03-30T10:38:00.242", "fechaHoraInicio": "2026-03-17T16:00:00", "fechaHoraFin": "2026-03-17T18:00:00", "registro": 6, "factura": null, "usuario": 1, "comentario": "Sesión importada de Excel (Mentor)"}}, {"model": "registros.registrodetalle", "pk": 100, "fields": {"fechaCreacion": "2026-03-30T10:38:00.242", "fechaHoraInicio": "2026-03-18T16:00:00", "fechaHoraFin": "2026-03-18T18:00:00", "registro": 6, "factura": null, "usuario": 1, "comentario": "Sesión importada de Excel (Mentor)"}}, {"model": "registros.registrodetalle", "pk": 101, "fields": {"fechaCreacion": "2026-03-30T10:38:00.243", "fechaHoraInicio": "2026-03-19T16:00:00", "fechaHoraFin": "2026-03-19T18:00:00", "registro": 6, "factura": null, "usuario": 1, "comentario": "Sesión importada de Excel (Mentor)"}}, {"model": "registros.registrodetalle", "pk": 102, "fields": {"fechaCreacion": "2026-03-30T10:38:00.243", "fechaHoraInicio": "2026-03-23T16:00:00", "fechaHoraFin": "2026-03-23T18:00:00", "registro": 6, "factura": null, "usuario": 1, "comentario": "Sesión importada de Excel (Mentor)"}}, {"model": "registros.registrodetalle", "pk": 103, "fields": {"fechaCreacion": "2026-03-30T10:38:00.243", "fechaHoraInicio": "2026-03-24T16:00:00", "fechaHoraFin": "2026-03-24T18:00:00", "registro": 6, "factura": null, "usuario": 1, "comentario": "Sesión importada de Excel (Mentor)"}}, {"model": "registros.registrodetalle", "pk": 104, "fields": {"fechaCreacion": "2026-03-30T10:38:00.244", "fechaHoraInicio": "2026-03-25T16:00:00", "fechaHoraFin": "2026-03-25T18:00:00", "registro": 6, "factura": null, "usuario": 1, "comentario": "Sesión importada de Excel (Mentor)"}}, {"model": "registros.registrodetalle", "pk": 105, "fields": {"fechaCreacion": "2026-03-30T10:38:00.245", "fechaHoraInicio": "2026-03-26T16:00:00", "fechaHoraFin": "2026-03-26T18:00:00", "registro": 6, "factura": null, "usuario": 1, "comentario": "Sesión importada de Excel (Mentor)"}}, {"model": "registros.registrodetalle", "pk": 106, "fields": {"fechaCreacion": "2026-03-30T10:38:00.247", "fechaHoraInicio": "2025-11-29T08:30:00", "fechaHoraFin": "2025-11-29T13:30:00", "registro": 7, "factura": null, "usuario": 1, "comentario": "Sesión importada de Excel (Consejero)"}}, {"model": "registros.registrodetalle", "pk": 107, "fields": {"fechaCreacion": "2026-03-30T10:38:00.247", "fechaHoraInicio": "2026-03-13T08:30:00", "fechaHoraFin": "2026-03-13T13:30:00", "registro": 7, "factura": null, "usuario": 1, "comentario": "Sesión importada de Excel (Consejero)"}}, {"model": "registros.registrodetalle", "pk": 108, "fields": {"fechaCreacion": "2026-03-30T10:38:00.247", "fechaHoraInicio": "2025-12-22T08:30:00", "fechaHoraFin": "2025-12-22T13:30:00", "registro": 7, "factura": null, "usuario": 1, "comentario": "Sesión importada de Excel (Consejero)"}}, {"model": "registros.registrodetalle", "pk": 109, "fields": {"fechaCreacion": "2026-03-30T10:38:00.248", "fechaHoraInicio": "2026-01-24T08:30:00", "fechaHoraFin": "2026-01-24T13:30:00", "registro": 7, "factura": null, "usuario": 1, "comentario": "Sesión importada de Excel (Consejero)"}}, {"model": "registros.registrodetalle", "pk": 110, "fields": {"fechaCreacion": "2026-03-30T10:38:00.252", "fechaHoraInicio": "2025-11-13T16:00:00", "fechaHoraFin": "2025-11-13T18:00:00", "registro": 8, "factura": null, "usuario": 1, "comentario": "Sesión importada de Excel (Tutor)"}}, {"model": "registros.registrodetalle", "pk": 111, "fields": {"fechaCreacion": "2026-03-30T10:38:00.252", "fechaHoraInicio": "2025-11-18T16:00:00", "fechaHoraFin": "2025-11-18T18:00:00", "registro": 8, "factura": null, "usuario": 1, "comentario": "Sesión importada de Excel (Tutor)"}}, {"model": "registros.registrodetalle", "pk": 112, "fields": {"fechaCreacion": "2026-03-30T10:38:00.253", "fechaHoraInicio": "2025-11-20T16:00:00", "fechaHoraFin": "2025-11-20T18:00:00", "registro": 8, "factura": null, "usuario": 1, "comentario": "Sesión importada de Excel (Tutor)"}}, {"model": "registros.registrodetalle", "pk": 113, "fields": {"fechaCreacion": "2026-03-30T10:38:00.253", "fechaHoraInicio": "2025-11-25T16:00:00", "fechaHoraFin": "2025-11-25T18:00:00", "registro": 8, "factura": null, "usuario": 1, "comentario": "Sesión importada de Excel (Tutor)"}}, {"model": "registros.registrodetalle", "pk": 114, "fields": {"fechaCreacion": "2026-03-30T10:38:00.253", "fechaHoraInicio": "2025-12-02T16:00:00", "fechaHoraFin": "2025-12-02T18:00:00", "registro": 8, "factura": null, "usuario": 1, "comentario": "Sesión importada de Excel (Tutor)"}}, {"model": "registros.registrodetalle", "pk": 115, "fields": {"fechaCreacion": "2026-03-30T10:38:00.254", "fechaHoraInicio": "2025-12-04T16:00:00", "fechaHoraFin": "2025-12-04T18:00:00", "registro": 8, "factura": null, "usuario": 1, "comentario": "Sesión importada de Excel (Tutor)"}}, {"model": "registros.registrodetalle", "pk": 116, "fields": {"fechaCreacion": "2026-03-30T10:38:00.254", "fechaHoraInicio": "2025-12-09T16:00:00", "fechaHoraFin": "2025-12-09T18:00:00", "registro": 8, "factura": null, "usuario": 1, "comentario": "Sesión importada de Excel (Tutor)"}}, {"model": "registros.registrodetalle", "pk": 117, "fields": {"fechaCreacion": "2026-03-30T10:38:00.255", "fechaHoraInicio": "2025-12-11T16:00:00", "fechaHoraFin": "2025-12-11T18:00:00", "registro": 8, "factura": null, "usuario": 1, "comentario": "Sesión importada de Excel (Tutor)"}}, {"model": "registros.registrodetalle", "pk": 118, "fields": {"fechaCreacion": "2026-03-30T10:38:00.255", "fechaHoraInicio": "2025-12-16T16:00:00", "fechaHoraFin": "2025-12-16T18:00:00", "registro": 8, "factura": null, "usuario": 1, "comentario": "Sesión importada de Excel (Tutor)"}}, {"model": "registros.registrodetalle", "pk": 119, "fields": {"fechaCreacion": "2026-03-30T10:38:00.255", "fechaHoraInicio": "2025-12-18T16:00:00", "fechaHoraFin": "2025-12-18T18:00:00", "registro": 8, "factura": null, "usuario": 1, "comentario": "Sesión importada de Excel (Tutor)"}}, {"model": "registros.registrodetalle", "pk": 120, "fields": {"fechaCreacion": "2026-03-30T10:38:00.256", "fechaHoraInicio": "2026-01-19T16:00:00", "fechaHoraFin": "2026-01-19T18:00:00", "registro": 8, "factura": null, "usuario": 1, "comentario": "Sesión importada de Excel (Tutor)"}}, {"model": "registros.registrodetalle", "pk": 121, "fields": {"fechaCreacion": "2026-03-30T10:38:00.256", "fechaHoraInicio": "2026-01-20T16:00:00", "fechaHoraFin": "2026-01-20T18:00:00", "registro": 8, "factura": null, "usuario": 1, "comentario": "Sesión importada de Excel (Tutor)"}}, {"model": "registros.registrodetalle", "pk": 122, "fields": {"fechaCreacion": "2026-03-30T10:38:00.257", "fechaHoraInicio": "2026-01-21T16:00:00", "fechaHoraFin": "2026-01-21T18:00:00", "registro": 8, "factura": null, "usuario": 1, "comentario": "Sesión importada de Excel (Tutor)"}}, {"model": "registros.registrodetalle", "pk": 123, "fields": {"fechaCreacion": "2026-03-30T10:38:00.257", "fechaHoraInicio": "2026-01-26T16:00:00", "fechaHoraFin": "2026-01-26T18:00:00", "registro": 8, "factura": null, "usuario": 1, "comentario": "Sesión importada de Excel (Tutor)"}}, {"model": "registros.registrodetalle", "pk": 124, "fields": {"fechaCreacion": "2026-03-30T10:38:00.257", "fechaHoraInicio": "2026-01-27T16:00:00", "fechaHoraFin": "2026-01-27T18:00:00", "registro": 8, "factura": null, "usuario": 1, "comentario": "Sesión importada de Excel (Tutor)"}}, {"model": "registros.registrodetalle", "pk": 125, "fields": {"fechaCreacion": "2026-03-30T10:38:00.258", "fechaHoraInicio": "2026-01-28T16:00:00", "fechaHoraFin": "2026-01-28T18:00:00", "registro": 8, "factura": null, "usuario": 1, "comentario": "Sesión importada de Excel (Tutor)"}}, {"model": "registros.registrodetalle", "pk": 126, "fields": {"fechaCreacion": "2026-03-30T10:38:00.258", "fechaHoraInicio": "2026-02-02T16:00:00", "fechaHoraFin": "2026-02-02T18:00:00", "registro": 8, "factura": null, "usuario": 1, "comentario": "Sesión importada de Excel (Tutor)"}}, {"model": "registros.registrodetalle", "pk": 127, "fields": {"fechaCreacion": "2026-03-30T10:38:00.258", "fechaHoraInicio": "2026-02-03T16:00:00", "fechaHoraFin": "2026-02-03T18:00:00", "registro": 8, "factura": null, "usuario": 1, "comentario": "Sesión importada de Excel (Tutor)"}}, {"model": "registros.registrodetalle", "pk": 128, "fields": {"fechaCreacion": "2026-03-30T10:38:00.259", "fechaHoraInicio": "2026-02-04T16:00:00", "fechaHoraFin": "2026-02-04T18:00:00", "registro": 8, "factura": null, "usuario": 1, "comentario": "Sesión importada de Excel (Tutor)"}}, {"model": "registros.registrodetalle", "pk": 129, "fields": {"fechaCreacion": "2026-03-30T10:38:00.259", "fechaHoraInicio": "2026-02-05T16:00:00", "fechaHoraFin": "2026-02-05T18:00:00", "registro": 8, "factura": null, "usuario": 1, "comentario": "Sesión importada de Excel (Tutor)"}}, {"model": "registros.registrodetalle", "pk": 130, "fields": {"fechaCreacion": "2026-03-30T10:38:00.260", "fechaHoraInicio": "2026-02-09T16:00:00", "fechaHoraFin": "2026-02-09T18:00:00", "registro": 8, "factura": null, "usuario": 1, "comentario": "Sesión importada de Excel (Tutor)"}}, {"model": "registros.registrodetalle", "pk": 131, "fields": {"fechaCreacion": "2026-03-30T10:38:00.260", "fechaHoraInicio": "2026-02-11T16:00:00", "fechaHoraFin": "2026-02-11T18:00:00", "registro": 8, "factura": null, "usuario": 1, "comentario": "Sesión importada de Excel (Tutor)"}}, {"model": "registros.registrodetalle", "pk": 132, "fields": {"fechaCreacion": "2026-03-30T10:38:00.260", "fechaHoraInicio": "2026-02-16T16:00:00", "fechaHoraFin": "2026-02-16T18:00:00", "registro": 8, "factura": null, "usuario": 1, "comentario": "Sesión importada de Excel (Tutor)"}}, {"model": "registros.registrodetalle", "pk": 133, "fields": {"fechaCreacion": "2026-03-30T10:38:00.261", "fechaHoraInicio": "2026-02-17T16:00:00", "fechaHoraFin": "2026-02-17T18:00:00", "registro": 8, "factura": null, "usuario": 1, "comentario": "Sesión importada de Excel (Tutor)"}}, {"model": "registros.registrodetalle", "pk": 134, "fields": {"fechaCreacion": "2026-03-30T10:38:00.261", "fechaHoraInicio": "2026-02-18T16:00:00", "fechaHoraFin": "2026-02-18T18:00:00", "registro": 8, "factura": null, "usuario": 1, "comentario": "Sesión importada de Excel (Tutor)"}}, {"model": "registros.registrodetalle", "pk": 135, "fields": {"fechaCreacion": "2026-03-30T10:38:00.262", "fechaHoraInicio": "2026-02-19T16:00:00", "fechaHoraFin": "2026-02-19T18:00:00", "registro": 8, "factura": null, "usuario": 1, "comentario": "Sesión importada de Excel (Tutor)"}}, {"model": "registros.registrodetalle", "pk": 136, "fields": {"fechaCreacion": "2026-03-30T10:38:00.262", "fechaHoraInicio": "2026-02-20T16:00:00", "fechaHoraFin": "2026-02-20T18:00:00", "registro": 8, "factura": null, "usuario": 1, "comentario": "Sesión importada de Excel (Tutor)"}}, {"model": "registros.registrodetalle", "pk": 137, "fields": {"fechaCreacion": "2026-03-30T10:38:00.262", "fechaHoraInicio": "2026-02-21T16:00:00", "fechaHoraFin": "2026-02-21T18:00:00", "registro": 8, "factura": null, "usuario": 1, "comentario": "Sesión importada de Excel (Tutor)"}}, {"model": "registros.registrodetalle", "pk": 138, "fields": {"fechaCreacion": "2026-03-30T10:38:00.263", "fechaHoraInicio": "2026-02-23T16:00:00", "fechaHoraFin": "2026-02-23T18:00:00", "registro": 9, "factura": null, "usuario": 1, "comentario": "Sesión importada de Excel (Mentor)"}}, {"model": "registros.registrodetalle", "pk": 139, "fields": {"fechaCreacion": "2026-03-30T10:38:00.264", "fechaHoraInicio": "2026-02-25T16:00:00", "fechaHoraFin": "2026-02-25T18:00:00", "registro": 9, "factura": null, "usuario": 1, "comentario": "Sesión importada de Excel (Mentor)"}}, {"model": "registros.registrodetalle", "pk": 140, "fields": {"fechaCreacion": "2026-03-30T10:38:00.264", "fechaHoraInicio": "2026-03-02T16:00:00", "fechaHoraFin": "2026-03-02T18:00:00", "registro": 9, "factura": null, "usuario": 1, "comentario": "Sesión importada de Excel (Mentor)"}}, {"model": "registros.registrodetalle", "pk": 141, "fields": {"fechaCreacion": "2026-03-30T10:38:00.264", "fechaHoraInicio": "2026-03-04T16:00:00", "fechaHoraFin": "2026-03-04T18:00:00", "registro": 9, "factura": null, "usuario": 1, "comentario": "Sesión importada de Excel (Mentor)"}}, {"model": "registros.registrodetalle", "pk": 142, "fields": {"fechaCreacion": "2026-03-30T10:38:00.265", "fechaHoraInicio": "2026-03-09T16:00:00", "fechaHoraFin": "2026-03-09T18:00:00", "registro": 9, "factura": null, "usuario": 1, "comentario": "Sesión importada de Excel (Mentor)"}}, {"model": "registros.registrodetalle", "pk": 143, "fields": {"fechaCreacion": "2026-03-30T10:38:00.265", "fechaHoraInicio": "2026-03-17T16:00:00", "fechaHoraFin": "2026-03-17T18:00:00", "registro": 9, "factura": null, "usuario": 1, "comentario": "Sesión importada de Excel (Mentor)"}}, {"model": "registros.registrodetalle", "pk": 144, "fields": {"fechaCreacion": "2026-03-30T10:38:00.266", "fechaHoraInicio": "2025-11-29T08:30:00", "fechaHoraFin": "2025-11-29T13:30:00", "registro": 10, "factura": null, "usuario": 1, "comentario": "Sesión importada de Excel (Consejero)"}}, {"model": "registros.registrodetalle", "pk": 145, "fields": {"fechaCreacion": "2026-03-30T10:38:00.266", "fechaHoraInicio": "2025-12-13T08:30:00", "fechaHoraFin": "2025-12-13T13:30:00", "registro": 10, "factura": null, "usuario": 1, "comentario": "Sesión importada de Excel (Consejero)"}}, {"model": "registros.registrodetalle", "pk": 146, "fields": {"fechaCreacion": "2026-03-30T10:38:00.267", "fechaHoraInicio": "2025-12-22T08:30:00", "fechaHoraFin": "2025-12-22T13:30:00", "registro": 10, "factura": null, "usuario": 1, "comentario": "Sesión importada de Excel (Consejero)"}}, {"model": "registros.registrodetalle", "pk": 147, "fields": {"fechaCreacion": "2026-03-30T10:38:00.267", "fechaHoraInicio": "2026-01-24T08:30:00", "fechaHoraFin": "2026-01-24T13:30:00", "registro": 10, "factura": null, "usuario": 1, "comentario": "Sesión importada de Excel (Consejero)"}}, {"model": "registros.registrodetalle", "pk": 148, "fields": {"fechaCreacion": "2026-03-30T10:38:00.635", "fechaHoraInicio": "2025-11-13T16:00:00", "fechaHoraFin": "2025-11-13T18:00:00", "registro": 11, "factura": null, "usuario": 1, "comentario": "Sesión importada de Excel (Tutor)"}}, {"model": "registros.registrodetalle", "pk": 149, "fields": {"fechaCreacion": "2026-03-30T10:38:00.635", "fechaHoraInicio": "2025-11-18T16:00:00", "fechaHoraFin": "2025-11-18T18:00:00", "registro": 11, "factura": null, "usuario": 1, "comentario": "Sesión importada de Excel (Tutor)"}}, {"model": "registros.registrodetalle", "pk": 150, "fields": {"fechaCreacion": "2026-03-30T10:38:00.636", "fechaHoraInicio": "2025-11-20T16:00:00", "fechaHoraFin": "2025-11-20T18:00:00", "registro": 11, "factura": null, "usuario": 1, "comentario": "Sesión importada de Excel (Tutor)"}}, {"model": "registros.registrodetalle", "pk": 151, "fields": {"fechaCreacion": "2026-03-30T10:38:00.636", "fechaHoraInicio": "2025-11-25T16:00:00", "fechaHoraFin": "2025-11-25T18:00:00", "registro": 11, "factura": null, "usuario": 1, "comentario": "Sesión importada de Excel (Tutor)"}}, {"model": "registros.registrodetalle", "pk": 152, "fields": {"fechaCreacion": "2026-03-30T10:38:00.637", "fechaHoraInicio": "2025-12-02T16:00:00", "fechaHoraFin": "2025-12-02T18:00:00", "registro": 11, "factura": null, "usuario": 1, "comentario": "Sesión importada de Excel (Tutor)"}}, {"model": "registros.registrodetalle", "pk": 153, "fields": {"fechaCreacion": "2026-03-30T10:38:00.637", "fechaHoraInicio": "2025-12-04T16:00:00", "fechaHoraFin": "2025-12-04T18:00:00", "registro": 11, "factura": null, "usuario": 1, "comentario": "Sesión importada de Excel (Tutor)"}}, {"model": "registros.registrodetalle", "pk": 154, "fields": {"fechaCreacion": "2026-03-30T10:38:00.637", "fechaHoraInicio": "2025-12-09T16:00:00", "fechaHoraFin": "2025-12-09T18:00:00", "registro": 11, "factura": null, "usuario": 1, "comentario": "Sesión importada de Excel (Tutor)"}}, {"model": "registros.registrodetalle", "pk": 155, "fields": {"fechaCreacion": "2026-03-30T10:38:00.638", "fechaHoraInicio": "2025-12-11T16:00:00", "fechaHoraFin": "2025-12-11T18:00:00", "registro": 11, "factura": null, "usuario": 1, "comentario": "Sesión importada de Excel (Tutor)"}}, {"model": "registros.registrodetalle", "pk": 156, "fields": {"fechaCreacion": "2026-03-30T10:38:00.638", "fechaHoraInicio": "2025-12-16T16:00:00", "fechaHoraFin": "2025-12-16T18:00:00", "registro": 11, "factura": null, "usuario": 1, "comentario": "Sesión importada de Excel (Tutor)"}}, {"model": "registros.registrodetalle", "pk": 157, "fields": {"fechaCreacion": "2026-03-30T10:38:00.639", "fechaHoraInicio": "2025-12-18T16:00:00", "fechaHoraFin": "2025-12-18T18:00:00", "registro": 11, "factura": null, "usuario": 1, "comentario": "Sesión importada de Excel (Tutor)"}}, {"model": "registros.registrodetalle", "pk": 158, "fields": {"fechaCreacion": "2026-03-30T10:38:00.639", "fechaHoraInicio": "2026-01-19T16:00:00", "fechaHoraFin": "2026-01-19T18:00:00", "registro": 11, "factura": null, "usuario": 1, "comentario": "Sesión importada de Excel (Tutor)"}}, {"model": "registros.registrodetalle", "pk": 159, "fields": {"fechaCreacion": "2026-03-30T10:38:00.639", "fechaHoraInicio": "2026-01-20T16:00:00", "fechaHoraFin": "2026-01-20T18:00:00", "registro": 11, "factura": null, "usuario": 1, "comentario": "Sesión importada de Excel (Tutor)"}}, {"model": "registros.registrodetalle", "pk": 160, "fields": {"fechaCreacion": "2026-03-30T10:38:00.640", "fechaHoraInicio": "2026-01-21T16:00:00", "fechaHoraFin": "2026-01-21T18:00:00", "registro": 11, "factura": null, "usuario": 1, "comentario": "Sesión importada de Excel (Tutor)"}}, {"model": "registros.registrodetalle", "pk": 161, "fields": {"fechaCreacion": "2026-03-30T10:38:00.640", "fechaHoraInicio": "2026-01-22T16:00:00", "fechaHoraFin": "2026-01-22T18:00:00", "registro": 11, "factura": null, "usuario": 1, "comentario": "Sesión importada de Excel (Tutor)"}}, {"model": "registros.registrodetalle", "pk": 162, "fields": {"fechaCreacion": "2026-03-30T10:38:00.641", "fechaHoraInicio": "2026-01-26T16:00:00", "fechaHoraFin": "2026-01-26T18:00:00", "registro": 11, "factura": null, "usuario": 1, "comentario": "Sesión importada de Excel (Tutor)"}}, {"model": "registros.registrodetalle", "pk": 163, "fields": {"fechaCreacion": "2026-03-30T10:38:00.641", "fechaHoraInicio": "2026-01-27T16:00:00", "fechaHoraFin": "2026-01-27T18:00:00", "registro": 11, "factura": null, "usuario": 1, "comentario": "Sesión importada de Excel (Tutor)"}}, {"model": "registros.registrodetalle", "pk": 164, "fields": {"fechaCreacion": "2026-03-30T10:38:00.641", "fechaHoraInicio": "2026-01-28T16:00:00", "fechaHoraFin": "2026-01-28T18:00:00", "registro": 11, "factura": null, "usuario": 1, "comentario": "Sesión importada de Excel (Tutor)"}}, {"model": "registros.registrodetalle", "pk": 165, "fields": {"fechaCreacion": "2026-03-30T10:38:00.642", "fechaHoraInicio": "2026-01-29T16:00:00", "fechaHoraFin": "2026-01-29T18:00:00", "registro": 11, "factura": null, "usuario": 1, "comentario": "Sesión importada de Excel (Tutor)"}}, {"model": "registros.registrodetalle", "pk": 166, "fields": {"fechaCreacion": "2026-03-30T10:38:00.642", "fechaHoraInicio": "2026-02-02T16:00:00", "fechaHoraFin": "2026-02-02T18:00:00", "registro": 11, "factura": null, "usuario": 1, "comentario": "Sesión importada de Excel (Tutor)"}}, {"model": "registros.registrodetalle", "pk": 167, "fields": {"fechaCreacion": "2026-03-30T10:38:00.643", "fechaHoraInicio": "2026-02-03T16:00:00", "fechaHoraFin": "2026-02-03T18:00:00", "registro": 11, "factura": null, "usuario": 1, "comentario": "Sesión importada de Excel (Tutor)"}}, {"model": "registros.registrodetalle", "pk": 168, "fields": {"fechaCreacion": "2026-03-30T10:38:00.643", "fechaHoraInicio": "2026-02-04T16:00:00", "fechaHoraFin": "2026-02-04T18:00:00", "registro": 11, "factura": null, "usuario": 1, "comentario": "Sesión importada de Excel (Tutor)"}}, {"model": "registros.registrodetalle", "pk": 169, "fields": {"fechaCreacion": "2026-03-30T10:38:00.643", "fechaHoraInicio": "2026-02-05T16:00:00", "fechaHoraFin": "2026-02-05T18:00:00", "registro": 11, "factura": null, "usuario": 1, "comentario": "Sesión importada de Excel (Tutor)"}}, {"model": "registros.registrodetalle", "pk": 170, "fields": {"fechaCreacion": "2026-03-30T10:38:00.644", "fechaHoraInicio": "2026-02-09T16:00:00", "fechaHoraFin": "2026-02-09T18:00:00", "registro": 11, "factura": null, "usuario": 1, "comentario": "Sesión importada de Excel (Tutor)"}}, {"model": "registros.registrodetalle", "pk": 171, "fields": {"fechaCreacion": "2026-03-30T10:38:00.644", "fechaHoraInicio": "2026-02-10T16:00:00", "fechaHoraFin": "2026-02-10T18:00:00", "registro": 11, "factura": null, "usuario": 1, "comentario": "Sesión importada de Excel (Tutor)"}}, {"model": "registros.registrodetalle", "pk": 172, "fields": {"fechaCreacion": "2026-03-30T10:38:00.645", "fechaHoraInicio": "2026-02-11T16:00:00", "fechaHoraFin": "2026-02-11T18:00:00", "registro": 11, "factura": null, "usuario": 1, "comentario": "Sesión importada de Excel (Tutor)"}}, {"model": "registros.registrodetalle", "pk": 173, "fields": {"fechaCreacion": "2026-03-30T10:38:00.645", "fechaHoraInicio": "2026-02-12T16:00:00", "fechaHoraFin": "2026-02-12T18:00:00", "registro": 11, "factura": null, "usuario": 1, "comentario": "Sesión importada de Excel (Tutor)"}}, {"model": "registros.registrodetalle", "pk": 174, "fields": {"fechaCreacion": "2026-03-30T10:38:00.645", "fechaHoraInicio": "2026-02-16T16:00:00", "fechaHoraFin": "2026-02-16T18:00:00", "registro": 11, "factura": null, "usuario": 1, "comentario": "Sesión importada de Excel (Tutor)"}}, {"model": "registros.registrodetalle", "pk": 175, "fields": {"fechaCreacion": "2026-03-30T10:38:00.646", "fechaHoraInicio": "2026-02-17T16:00:00", "fechaHoraFin": "2026-02-17T18:00:00", "registro": 11, "factura": null, "usuario": 1, "comentario": "Sesión importada de Excel (Tutor)"}}, {"model": "registros.registrodetalle", "pk": 176, "fields": {"fechaCreacion": "2026-03-30T10:38:00.647", "fechaHoraInicio": "2026-02-19T16:00:00", "fechaHoraFin": "2026-02-19T18:00:00", "registro": 12, "factura": null, "usuario": 1, "comentario": "Sesión importada de Excel (Mentor)"}}, {"model": "registros.registrodetalle", "pk": 177, "fields": {"fechaCreacion": "2026-03-30T10:38:00.647", "fechaHoraInicio": "2026-02-23T16:00:00", "fechaHoraFin": "2026-02-23T18:00:00", "registro": 12, "factura": null, "usuario": 1, "comentario": "Sesión importada de Excel (Mentor)"}}, {"model": "registros.registrodetalle", "pk": 178, "fields": {"fechaCreacion": "2026-03-30T10:38:00.647", "fechaHoraInicio": "2026-02-24T16:00:00", "fechaHoraFin": "2026-02-24T18:00:00", "registro": 12, "factura": null, "usuario": 1, "comentario": "Sesión importada de Excel (Mentor)"}}, {"model": "registros.registrodetalle", "pk": 179, "fields": {"fechaCreacion": "2026-03-30T10:38:00.648", "fechaHoraInicio": "2026-02-25T16:00:00", "fechaHoraFin": "2026-02-25T18:00:00", "registro": 12, "factura": null, "usuario": 1, "comentario": "Sesión importada de Excel (Mentor)"}}, {"model": "registros.registrodetalle", "pk": 180, "fields": {"fechaCreacion": "2026-03-30T10:38:00.648", "fechaHoraInicio": "2026-02-26T16:00:00", "fechaHoraFin": "2026-02-26T18:00:00", "registro": 12, "factura": null, "usuario": 1, "comentario": "Sesión importada de Excel (Mentor)"}}, {"model": "registros.registrodetalle", "pk": 181, "fields": {"fechaCreacion": "2026-03-30T10:38:00.649", "fechaHoraInicio": "2026-03-02T16:00:00", "fechaHoraFin": "2026-03-02T18:00:00", "registro": 12, "factura": null, "usuario": 1, "comentario": "Sesión importada de Excel (Mentor)"}}, {"model": "registros.registrodetalle", "pk": 182, "fields": {"fechaCreacion": "2026-03-30T10:38:00.649", "fechaHoraInicio": "2026-03-03T16:00:00", "fechaHoraFin": "2026-03-03T18:00:00", "registro": 12, "factura": null, "usuario": 1, "comentario": "Sesión importada de Excel (Mentor)"}}, {"model": "registros.registrodetalle", "pk": 183, "fields": {"fechaCreacion": "2026-03-30T10:38:00.649", "fechaHoraInicio": "2026-03-04T16:00:00", "fechaHoraFin": "2026-03-04T18:00:00", "registro": 12, "factura": null, "usuario": 1, "comentario": "Sesión importada de Excel (Mentor)"}}, {"model": "registros.registrodetalle", "pk": 184, "fields": {"fechaCreacion": "2026-03-30T10:38:00.650", "fechaHoraInicio": "2026-03-05T16:00:00", "fechaHoraFin": "2026-03-05T18:00:00", "registro": 12, "factura": null, "usuario": 1, "comentario": "Sesión importada de Excel (Mentor)"}}, {"model": "registros.registrodetalle", "pk": 185, "fields": {"fechaCreacion": "2026-03-30T10:38:00.650", "fechaHoraInicio": "2026-03-09T16:00:00", "fechaHoraFin": "2026-03-09T18:00:00", "registro": 12, "factura": null, "usuario": 1, "comentario": "Sesión importada de Excel (Mentor)"}}, {"model": "registros.registrodetalle", "pk": 186, "fields": {"fechaCreacion": "2026-03-30T10:38:00.650", "fechaHoraInicio": "2026-03-10T16:00:00", "fechaHoraFin": "2026-03-10T18:00:00", "registro": 12, "factura": null, "usuario": 1, "comentario": "Sesión importada de Excel (Mentor)"}}, {"model": "registros.registrodetalle", "pk": 187, "fields": {"fechaCreacion": "2026-03-30T10:38:00.651", "fechaHoraInicio": "2026-03-11T16:00:00", "fechaHoraFin": "2026-03-11T18:00:00", "registro": 12, "factura": null, "usuario": 1, "comentario": "Sesión importada de Excel (Mentor)"}}, {"model": "registros.registrodetalle", "pk": 188, "fields": {"fechaCreacion": "2026-03-30T10:38:00.651", "fechaHoraInicio": "2026-03-12T16:00:00", "fechaHoraFin": "2026-03-12T18:00:00", "registro": 12, "factura": null, "usuario": 1, "comentario": "Sesión importada de Excel (Mentor)"}}, {"model": "registros.registrodetalle", "pk": 189, "fields": {"fechaCreacion": "2026-03-30T10:38:00.652", "fechaHoraInicio": "2026-03-16T16:00:00", "fechaHoraFin": "2026-03-16T18:00:00", "registro": 12, "factura": null, "usuario": 1, "comentario": "Sesión importada de Excel (Mentor)"}}, {"model": "registros.registrodetalle", "pk": 190, "fields": {"fechaCreacion": "2026-03-30T10:38:00.652", "fechaHoraInicio": "2026-03-17T16:00:00", "fechaHoraFin": "2026-03-17T18:00:00", "registro": 12, "factura": null, "usuario": 1, "comentario": "Sesión importada de Excel (Mentor)"}}, {"model": "registros.registrodetalle", "pk": 191, "fields": {"fechaCreacion": "2026-03-30T10:38:00.652", "fechaHoraInicio": "2026-03-18T16:00:00", "fechaHoraFin": "2026-03-18T18:00:00", "registro": 12, "factura": null, "usuario": 1, "comentario": "Sesión importada de Excel (Mentor)"}}, {"model": "registros.registrodetalle", "pk": 192, "fields": {"fechaCreacion": "2026-03-30T10:38:00.653", "fechaHoraInicio": "2026-03-19T16:00:00", "fechaHoraFin": "2026-03-19T18:00:00", "registro": 12, "factura": null, "usuario": 1, "comentario": "Sesión importada de Excel (Mentor)"}}, {"model": "registros.registrodetalle", "pk": 193, "fields": {"fechaCreacion": "2026-03-30T10:38:00.653", "fechaHoraInicio": "2026-03-23T16:00:00", "fechaHoraFin": "2026-03-23T18:00:00", "registro": 12, "factura": null, "usuario": 1, "comentario": "Sesión importada de Excel (Mentor)"}}, {"model": "registros.registrodetalle", "pk": 194, "fields": {"fechaCreacion": "2026-03-30T10:38:00.654", "fechaHoraInicio": "2026-03-24T16:00:00", "fechaHoraFin": "2026-03-24T18:00:00", "registro": 12, "factura": null, "usuario": 1, "comentario": "Sesión importada de Excel (Mentor)"}}, {"model": "registros.registrodetalle", "pk": 195, "fields": {"fechaCreacion": "2026-03-30T10:38:00.654", "fechaHoraInicio": "2026-03-25T16:00:00", "fechaHoraFin": "2026-03-25T18:00:00", "registro": 12, "factura": null, "usuario": 1, "comentario": "Sesión importada de Excel (Mentor)"}}, {"model": "registros.registrodetalle", "pk": 196, "fields": {"fechaCreacion": "2026-03-30T10:38:00.655", "fechaHoraInicio": "2026-03-26T16:00:00", "fechaHoraFin": "2026-03-26T18:00:00", "registro": 12, "factura": null, "usuario": 1, "comentario": "Sesión importada de Excel (Mentor)"}}, {"model": "registros.registrodetalle", "pk": 197, "fields": {"fechaCreacion": "2026-03-30T10:38:00.655", "fechaHoraInicio": "2025-11-15T08:30:00", "fechaHoraFin": "2025-11-15T13:30:00", "registro": 13, "factura": null, "usuario": 1, "comentario": "Sesión importada de Excel (Consejero)"}}, {"model": "registros.registrodetalle", "pk": 198, "fields": {"fechaCreacion": "2026-03-30T10:38:00.656", "fechaHoraInicio": "2025-11-29T08:30:00", "fechaHoraFin": "2025-11-29T13:30:00", "registro": 13, "factura": null, "usuario": 1, "comentario": "Sesión importada de Excel (Consejero)"}}, {"model": "registros.registrodetalle", "pk": 199, "fields": {"fechaCreacion": "2026-03-30T10:38:00.656", "fechaHoraInicio": "2025-12-20T08:30:00", "fechaHoraFin": "2025-12-20T13:30:00", "registro": 13, "factura": null, "usuario": 1, "comentario": "Sesión importada de Excel (Consejero)"}}, {"model": "registros.registrodetalle", "pk": 200, "fields": {"fechaCreacion": "2026-03-30T10:38:00.657", "fechaHoraInicio": "2025-12-22T08:30:00", "fechaHoraFin": "2025-12-22T13:30:00", "registro": 13, "factura": null, "usuario": 1, "comentario": "Sesión importada de Excel (Consejero)"}}, {"model": "registros.registrodetalle", "pk": 201, "fields": {"fechaCreacion": "2026-03-30T10:38:00.661", "fechaHoraInicio": "2025-11-13T16:00:00", "fechaHoraFin": "2025-11-13T18:00:00", "registro": 14, "factura": null, "usuario": 1, "comentario": "Sesión importada de Excel (Tutor)"}}, {"model": "registros.registrodetalle", "pk": 202, "fields": {"fechaCreacion": "2026-03-30T10:38:00.661", "fechaHoraInicio": "2025-11-18T16:00:00", "fechaHoraFin": "2025-11-18T18:00:00", "registro": 14, "factura": null, "usuario": 1, "comentario": "Sesión importada de Excel (Tutor)"}}, {"model": "registros.registrodetalle", "pk": 203, "fields": {"fechaCreacion": "2026-03-30T10:38:00.662", "fechaHoraInicio": "2025-11-20T16:00:00", "fechaHoraFin": "2025-11-20T18:00:00", "registro": 14, "factura": null, "usuario": 1, "comentario": "Sesión importada de Excel (Tutor)"}}, {"model": "registros.registrodetalle", "pk": 204, "fields": {"fechaCreacion": "2026-03-30T10:38:00.662", "fechaHoraInicio": "2025-11-25T16:00:00", "fechaHoraFin": "2025-11-25T18:00:00", "registro": 14, "factura": null, "usuario": 1, "comentario": "Sesión importada de Excel (Tutor)"}}, {"model": "registros.registrodetalle", "pk": 205, "fields": {"fechaCreacion": "2026-03-30T10:38:00.662", "fechaHoraInicio": "2025-12-02T16:00:00", "fechaHoraFin": "2025-12-02T18:00:00", "registro": 14, "factura": null, "usuario": 1, "comentario": "Sesión importada de Excel (Tutor)"}}, {"model": "registros.registrodetalle", "pk": 206, "fields": {"fechaCreacion": "2026-03-30T10:38:00.663", "fechaHoraInicio": "2025-12-04T16:00:00", "fechaHoraFin": "2025-12-04T18:00:00", "registro": 14, "factura": null, "usuario": 1, "comentario": "Sesión importada de Excel (Tutor)"}}, {"model": "registros.registrodetalle", "pk": 207, "fields": {"fechaCreacion": "2026-03-30T10:38:00.663", "fechaHoraInicio": "2025-12-09T16:00:00", "fechaHoraFin": "2025-12-09T18:00:00", "registro": 14, "factura": null, "usuario": 1, "comentario": "Sesión importada de Excel (Tutor)"}}, {"model": "registros.registrodetalle", "pk": 208, "fields": {"fechaCreacion": "2026-03-30T10:38:00.664", "fechaHoraInicio": "2025-12-11T16:00:00", "fechaHoraFin": "2025-12-11T18:00:00", "registro": 14, "factura": null, "usuario": 1, "comentario": "Sesión importada de Excel (Tutor)"}}, {"model": "registros.registrodetalle", "pk": 209, "fields": {"fechaCreacion": "2026-03-30T10:38:00.664", "fechaHoraInicio": "2025-12-16T16:00:00", "fechaHoraFin": "2025-12-16T18:00:00", "registro": 14, "factura": null, "usuario": 1, "comentario": "Sesión importada de Excel (Tutor)"}}, {"model": "registros.registrodetalle", "pk": 210, "fields": {"fechaCreacion": "2026-03-30T10:38:00.664", "fechaHoraInicio": "2025-12-18T16:00:00", "fechaHoraFin": "2025-12-18T18:00:00", "registro": 14, "factura": null, "usuario": 1, "comentario": "Sesión importada de Excel (Tutor)"}}, {"model": "registros.registrodetalle", "pk": 211, "fields": {"fechaCreacion": "2026-03-30T10:38:00.665", "fechaHoraInicio": "2026-01-19T16:00:00", "fechaHoraFin": "2026-01-19T18:00:00", "registro": 14, "factura": null, "usuario": 1, "comentario": "Sesión importada de Excel (Tutor)"}}, {"model": "registros.registrodetalle", "pk": 212, "fields": {"fechaCreacion": "2026-03-30T10:38:00.665", "fechaHoraInicio": "2026-01-20T16:00:00", "fechaHoraFin": "2026-01-20T18:00:00", "registro": 14, "factura": null, "usuario": 1, "comentario": "Sesión importada de Excel (Tutor)"}}, {"model": "registros.registrodetalle", "pk": 213, "fields": {"fechaCreacion": "2026-03-30T10:38:00.665", "fechaHoraInicio": "2026-01-21T16:00:00", "fechaHoraFin": "2026-01-21T18:00:00", "registro": 14, "factura": null, "usuario": 1, "comentario": "Sesión importada de Excel (Tutor)"}}, {"model": "registros.registrodetalle", "pk": 214, "fields": {"fechaCreacion": "2026-03-30T10:38:00.666", "fechaHoraInicio": "2026-01-22T16:00:00", "fechaHoraFin": "2026-01-22T18:00:00", "registro": 14, "factura": null, "usuario": 1, "comentario": "Sesión importada de Excel (Tutor)"}}, {"model": "registros.registrodetalle", "pk": 215, "fields": {"fechaCreacion": "2026-03-30T10:38:00.666", "fechaHoraInicio": "2026-01-26T16:00:00", "fechaHoraFin": "2026-01-26T18:00:00", "registro": 14, "factura": null, "usuario": 1, "comentario": "Sesión importada de Excel (Tutor)"}}, {"model": "registros.registrodetalle", "pk": 216, "fields": {"fechaCreacion": "2026-03-30T10:38:00.667", "fechaHoraInicio": "2026-01-27T16:00:00", "fechaHoraFin": "2026-01-27T18:00:00", "registro": 14, "factura": null, "usuario": 1, "comentario": "Sesión importada de Excel (Tutor)"}}, {"model": "registros.registrodetalle", "pk": 217, "fields": {"fechaCreacion": "2026-03-30T10:38:00.667", "fechaHoraInicio": "2026-01-28T16:00:00", "fechaHoraFin": "2026-01-28T18:00:00", "registro": 14, "factura": null, "usuario": 1, "comentario": "Sesión importada de Excel (Tutor)"}}, {"model": "registros.registrodetalle", "pk": 218, "fields": {"fechaCreacion": "2026-03-30T10:38:00.668", "fechaHoraInicio": "2026-01-29T16:00:00", "fechaHoraFin": "2026-01-29T18:00:00", "registro": 14, "factura": null, "usuario": 1, "comentario": "Sesión importada de Excel (Tutor)"}}, {"model": "registros.registrodetalle", "pk": 219, "fields": {"fechaCreacion": "2026-03-30T10:38:00.668", "fechaHoraInicio": "2026-02-02T16:00:00", "fechaHoraFin": "2026-02-02T18:00:00", "registro": 14, "factura": null, "usuario": 1, "comentario": "Sesión importada de Excel (Tutor)"}}, {"model": "registros.registrodetalle", "pk": 220, "fields": {"fechaCreacion": "2026-03-30T10:38:00.668", "fechaHoraInicio": "2026-02-03T16:00:00", "fechaHoraFin": "2026-02-03T18:00:00", "registro": 14, "factura": null, "usuario": 1, "comentario": "Sesión importada de Excel (Tutor)"}}, {"model": "registros.registrodetalle", "pk": 221, "fields": {"fechaCreacion": "2026-03-30T10:38:00.669", "fechaHoraInicio": "2026-02-04T16:00:00", "fechaHoraFin": "2026-02-04T18:00:00", "registro": 14, "factura": null, "usuario": 1, "comentario": "Sesión importada de Excel (Tutor)"}}, {"model": "registros.registrodetalle", "pk": 222, "fields": {"fechaCreacion": "2026-03-30T10:38:00.669", "fechaHoraInicio": "2026-02-05T16:00:00", "fechaHoraFin": "2026-02-05T18:00:00", "registro": 14, "factura": null, "usuario": 1, "comentario": "Sesión importada de Excel (Tutor)"}}, {"model": "registros.registrodetalle", "pk": 223, "fields": {"fechaCreacion": "2026-03-30T10:38:00.670", "fechaHoraInicio": "2026-02-09T16:00:00", "fechaHoraFin": "2026-02-09T18:00:00", "registro": 14, "factura": null, "usuario": 1, "comentario": "Sesión importada de Excel (Tutor)"}}, {"model": "registros.registrodetalle", "pk": 224, "fields": {"fechaCreacion": "2026-03-30T10:38:00.670", "fechaHoraInicio": "2026-02-10T16:00:00", "fechaHoraFin": "2026-02-10T18:00:00", "registro": 14, "factura": null, "usuario": 1, "comentario": "Sesión importada de Excel (Tutor)"}}, {"model": "registros.registrodetalle", "pk": 225, "fields": {"fechaCreacion": "2026-03-30T10:38:00.671", "fechaHoraInicio": "2026-02-11T16:00:00", "fechaHoraFin": "2026-02-11T18:00:00", "registro": 14, "factura": null, "usuario": 1, "comentario": "Sesión importada de Excel (Tutor)"}}, {"model": "registros.registrodetalle", "pk": 226, "fields": {"fechaCreacion": "2026-03-30T10:38:00.671", "fechaHoraInicio": "2026-02-12T16:00:00", "fechaHoraFin": "2026-02-12T18:00:00", "registro": 14, "factura": null, "usuario": 1, "comentario": "Sesión importada de Excel (Tutor)"}}, {"model": "registros.registrodetalle", "pk": 227, "fields": {"fechaCreacion": "2026-03-30T10:38:00.671", "fechaHoraInicio": "2026-02-16T16:00:00", "fechaHoraFin": "2026-02-16T18:00:00", "registro": 14, "factura": null, "usuario": 1, "comentario": "Sesión importada de Excel (Tutor)"}}, {"model": "registros.registrodetalle", "pk": 228, "fields": {"fechaCreacion": "2026-03-30T10:38:00.672", "fechaHoraInicio": "2026-02-17T16:00:00", "fechaHoraFin": "2026-02-17T18:00:00", "registro": 14, "factura": null, "usuario": 1, "comentario": "Sesión importada de Excel (Tutor)"}}, {"model": "registros.registrodetalle", "pk": 229, "fields": {"fechaCreacion": "2026-03-30T10:38:00.673", "fechaHoraInicio": "2026-02-19T16:00:00", "fechaHoraFin": "2026-02-19T18:00:00", "registro": 15, "factura": null, "usuario": 1, "comentario": "Sesión importada de Excel (Mentor)"}}, {"model": "registros.registrodetalle", "pk": 230, "fields": {"fechaCreacion": "2026-03-30T10:38:00.673", "fechaHoraInicio": "2026-02-23T16:00:00", "fechaHoraFin": "2026-02-23T18:00:00", "registro": 15, "factura": null, "usuario": 1, "comentario": "Sesión importada de Excel (Mentor)"}}, {"model": "registros.registrodetalle", "pk": 231, "fields": {"fechaCreacion": "2026-03-30T10:38:00.674", "fechaHoraInicio": "2026-02-24T16:00:00", "fechaHoraFin": "2026-02-24T18:00:00", "registro": 15, "factura": null, "usuario": 1, "comentario": "Sesión importada de Excel (Mentor)"}}, {"model": "registros.registrodetalle", "pk": 232, "fields": {"fechaCreacion": "2026-03-30T10:38:00.674", "fechaHoraInicio": "2026-02-25T16:00:00", "fechaHoraFin": "2026-02-25T18:00:00", "registro": 15, "factura": null, "usuario": 1, "comentario": "Sesión importada de Excel (Mentor)"}}, {"model": "registros.registrodetalle", "pk": 233, "fields": {"fechaCreacion": "2026-03-30T10:38:00.674", "fechaHoraInicio": "2026-02-26T16:00:00", "fechaHoraFin": "2026-02-26T18:00:00", "registro": 15, "factura": null, "usuario": 1, "comentario": "Sesión importada de Excel (Mentor)"}}, {"model": "registros.registrodetalle", "pk": 234, "fields": {"fechaCreacion": "2026-03-30T10:38:00.675", "fechaHoraInicio": "2026-03-02T16:00:00", "fechaHoraFin": "2026-03-02T18:00:00", "registro": 15, "factura": null, "usuario": 1, "comentario": "Sesión importada de Excel (Mentor)"}}, {"model": "registros.registrodetalle", "pk": 235, "fields": {"fechaCreacion": "2026-03-30T10:38:00.675", "fechaHoraInicio": "2026-03-03T16:00:00", "fechaHoraFin": "2026-03-03T18:00:00", "registro": 15, "factura": null, "usuario": 1, "comentario": "Sesión importada de Excel (Mentor)"}}, {"model": "registros.registrodetalle", "pk": 236, "fields": {"fechaCreacion": "2026-03-30T10:38:00.675", "fechaHoraInicio": "2026-03-04T16:00:00", "fechaHoraFin": "2026-03-04T18:00:00", "registro": 15, "factura": null, "usuario": 1, "comentario": "Sesión importada de Excel (Mentor)"}}, {"model": "registros.registrodetalle", "pk": 237, "fields": {"fechaCreacion": "2026-03-30T10:38:00.676", "fechaHoraInicio": "2026-03-05T16:00:00", "fechaHoraFin": "2026-03-05T18:00:00", "registro": 15, "factura": null, "usuario": 1, "comentario": "Sesión importada de Excel (Mentor)"}}, {"model": "registros.registrodetalle", "pk": 238, "fields": {"fechaCreacion": "2026-03-30T10:38:00.676", "fechaHoraInicio": "2026-03-09T16:00:00", "fechaHoraFin": "2026-03-09T18:00:00", "registro": 15, "factura": null, "usuario": 1, "comentario": "Sesión importada de Excel (Mentor)"}}, {"model": "registros.registrodetalle", "pk": 239, "fields": {"fechaCreacion": "2026-03-30T10:38:00.676", "fechaHoraInicio": "2026-03-10T16:00:00", "fechaHoraFin": "2026-03-10T18:00:00", "registro": 15, "factura": null, "usuario": 1, "comentario": "Sesión importada de Excel (Mentor)"}}, {"model": "registros.registrodetalle", "pk": 240, "fields": {"fechaCreacion": "2026-03-30T10:38:00.677", "fechaHoraInicio": "2026-03-11T16:00:00", "fechaHoraFin": "2026-03-11T18:00:00", "registro": 15, "factura": null, "usuario": 1, "comentario": "Sesión importada de Excel (Mentor)"}}, {"model": "registros.registrodetalle", "pk": 241, "fields": {"fechaCreacion": "2026-03-30T10:38:00.678", "fechaHoraInicio": "2026-03-12T16:00:00", "fechaHoraFin": "2026-03-12T18:00:00", "registro": 15, "factura": null, "usuario": 1, "comentario": "Sesión importada de Excel (Mentor)"}}, {"model": "registros.registrodetalle", "pk": 242, "fields": {"fechaCreacion": "2026-03-30T10:38:00.679", "fechaHoraInicio": "2026-03-16T16:00:00", "fechaHoraFin": "2026-03-16T18:00:00", "registro": 15, "factura": null, "usuario": 1, "comentario": "Sesión importada de Excel (Mentor)"}}, {"model": "registros.registrodetalle", "pk": 243, "fields": {"fechaCreacion": "2026-03-30T10:38:00.679", "fechaHoraInicio": "2026-03-17T16:00:00", "fechaHoraFin": "2026-03-17T18:00:00", "registro": 15, "factura": null, "usuario": 1, "comentario": "Sesión importada de Excel (Mentor)"}}, {"model": "registros.registrodetalle", "pk": 244, "fields": {"fechaCreacion": "2026-03-30T10:38:00.680", "fechaHoraInicio": "2026-03-18T16:00:00", "fechaHoraFin": "2026-03-18T18:00:00", "registro": 15, "factura": null, "usuario": 1, "comentario": "Sesión importada de Excel (Mentor)"}}, {"model": "registros.registrodetalle", "pk": 245, "fields": {"fechaCreacion": "2026-03-30T10:38:00.680", "fechaHoraInicio": "2026-03-19T16:00:00", "fechaHoraFin": "2026-03-19T18:00:00", "registro": 15, "factura": null, "usuario": 1, "comentario": "Sesión importada de Excel (Mentor)"}}, {"model": "registros.registrodetalle", "pk": 246, "fields": {"fechaCreacion": "2026-03-30T10:38:00.681", "fechaHoraInicio": "2026-03-23T16:00:00", "fechaHoraFin": "2026-03-23T18:00:00", "registro": 15, "factura": null, "usuario": 1, "comentario": "Sesión importada de Excel (Mentor)"}}, {"model": "registros.registrodetalle", "pk": 247, "fields": {"fechaCreacion": "2026-03-30T10:38:00.681", "fechaHoraInicio": "2026-03-24T16:00:00", "fechaHoraFin": "2026-03-24T18:00:00", "registro": 15, "factura": null, "usuario": 1, "comentario": "Sesión importada de Excel (Mentor)"}}, {"model": "registros.registrodetalle", "pk": 248, "fields": {"fechaCreacion": "2026-03-30T10:38:00.681", "fechaHoraInicio": "2026-03-25T16:00:00", "fechaHoraFin": "2026-03-25T18:00:00", "registro": 15, "factura": null, "usuario": 1, "comentario": "Sesión importada de Excel (Mentor)"}}, {"model": "registros.registrodetalle", "pk": 249, "fields": {"fechaCreacion": "2026-03-30T10:38:00.682", "fechaHoraInicio": "2026-03-26T16:00:00", "fechaHoraFin": "2026-03-26T18:00:00", "registro": 15, "factura": null, "usuario": 1, "comentario": "Sesión importada de Excel (Mentor)"}}, {"model": "registros.registrodetalle", "pk": 250, "fields": {"fechaCreacion": "2026-03-30T10:38:00.683", "fechaHoraInicio": "2025-11-15T08:30:00", "fechaHoraFin": "2025-11-15T13:30:00", "registro": 16, "factura": null, "usuario": 1, "comentario": "Sesión importada de Excel (Consejero)"}}, {"model": "registros.registrodetalle", "pk": 251, "fields": {"fechaCreacion": "2026-03-30T10:38:00.683", "fechaHoraInicio": "2025-11-29T08:30:00", "fechaHoraFin": "2025-11-29T13:30:00", "registro": 16, "factura": null, "usuario": 1, "comentario": "Sesión importada de Excel (Consejero)"}}, {"model": "registros.registrodetalle", "pk": 252, "fields": {"fechaCreacion": "2026-03-30T10:38:00.683", "fechaHoraInicio": "2025-12-20T08:30:00", "fechaHoraFin": "2025-12-20T13:30:00", "registro": 16, "factura": null, "usuario": 1, "comentario": "Sesión importada de Excel (Consejero)"}}, {"model": "registros.registrodetalle", "pk": 253, "fields": {"fechaCreacion": "2026-03-30T10:38:00.684", "fechaHoraInicio": "2025-12-22T08:30:00", "fechaHoraFin": "2025-12-22T13:30:00", "registro": 16, "factura": null, "usuario": 1, "comentario": "Sesión importada de Excel (Consejero)"}}, {"model": "registros.registrodetalle", "pk": 254, "fields": {"fechaCreacion": "2026-03-30T10:38:01.055", "fechaHoraInicio": "2025-11-26T16:00:00", "fechaHoraFin": "2025-11-26T18:00:00", "registro": 17, "factura": null, "usuario": 1, "comentario": "Sesión importada de Excel (Tutor)"}}, {"model": "registros.registrodetalle", "pk": 255, "fields": {"fechaCreacion": "2026-03-30T10:38:01.055", "fechaHoraInicio": "2025-11-28T16:00:00", "fechaHoraFin": "2025-11-28T18:00:00", "registro": 17, "factura": null, "usuario": 1, "comentario": "Sesión importada de Excel (Tutor)"}}, {"model": "registros.registrodetalle", "pk": 256, "fields": {"fechaCreacion": "2026-03-30T10:38:01.056", "fechaHoraInicio": "2025-11-20T16:00:00", "fechaHoraFin": "2025-11-20T18:00:00", "registro": 17, "factura": null, "usuario": 1, "comentario": "Sesión importada de Excel (Tutor)"}}, {"model": "registros.registrodetalle", "pk": 257, "fields": {"fechaCreacion": "2026-03-30T10:38:01.056", "fechaHoraInicio": "2025-11-25T16:00:00", "fechaHoraFin": "2025-11-25T18:00:00", "registro": 17, "factura": null, "usuario": 1, "comentario": "Sesión importada de Excel (Tutor)"}}, {"model": "registros.registrodetalle", "pk": 258, "fields": {"fechaCreacion": "2026-03-30T10:38:01.056", "fechaHoraInicio": "2025-12-02T16:00:00", "fechaHoraFin": "2025-12-02T18:00:00", "registro": 17, "factura": null, "usuario": 1, "comentario": "Sesión importada de Excel (Tutor)"}}, {"model": "registros.registrodetalle", "pk": 259, "fields": {"fechaCreacion": "2026-03-30T10:38:01.057", "fechaHoraInicio": "2025-12-19T16:00:00", "fechaHoraFin": "2025-12-19T18:00:00", "registro": 17, "factura": null, "usuario": 1, "comentario": "Sesión importada de Excel (Tutor)"}}, {"model": "registros.registrodetalle", "pk": 260, "fields": {"fechaCreacion": "2026-03-30T10:38:01.057", "fechaHoraInicio": "2025-12-09T16:00:00", "fechaHoraFin": "2025-12-09T18:00:00", "registro": 17, "factura": null, "usuario": 1, "comentario": "Sesión importada de Excel (Tutor)"}}, {"model": "registros.registrodetalle", "pk": 261, "fields": {"fechaCreacion": "2026-03-30T10:38:01.057", "fechaHoraInicio": "2025-12-11T16:00:00", "fechaHoraFin": "2025-12-11T18:00:00", "registro": 17, "factura": null, "usuario": 1, "comentario": "Sesión importada de Excel (Tutor)"}}, {"model": "registros.registrodetalle", "pk": 262, "fields": {"fechaCreacion": "2026-03-30T10:38:01.058", "fechaHoraInicio": "2025-12-16T16:00:00", "fechaHoraFin": "2025-12-16T18:00:00", "registro": 17, "factura": null, "usuario": 1, "comentario": "Sesión importada de Excel (Tutor)"}}, {"model": "registros.registrodetalle", "pk": 263, "fields": {"fechaCreacion": "2026-03-30T10:38:01.058", "fechaHoraInicio": "2026-01-19T16:00:00", "fechaHoraFin": "2026-01-19T18:00:00", "registro": 17, "factura": null, "usuario": 1, "comentario": "Sesión importada de Excel (Tutor)"}}, {"model": "registros.registrodetalle", "pk": 264, "fields": {"fechaCreacion": "2026-03-30T10:38:01.059", "fechaHoraInicio": "2026-01-20T16:00:00", "fechaHoraFin": "2026-01-20T18:00:00", "registro": 17, "factura": null, "usuario": 1, "comentario": "Sesión importada de Excel (Tutor)"}}, {"model": "registros.registrodetalle", "pk": 265, "fields": {"fechaCreacion": "2026-03-30T10:38:01.059", "fechaHoraInicio": "2026-01-21T16:00:00", "fechaHoraFin": "2026-01-21T18:00:00", "registro": 17, "factura": null, "usuario": 1, "comentario": "Sesión importada de Excel (Tutor)"}}, {"model": "registros.registrodetalle", "pk": 266, "fields": {"fechaCreacion": "2026-03-30T10:38:01.060", "fechaHoraInicio": "2026-01-22T16:00:00", "fechaHoraFin": "2026-01-22T18:00:00", "registro": 17, "factura": null, "usuario": 1, "comentario": "Sesión importada de Excel (Tutor)"}}, {"model": "registros.registrodetalle", "pk": 267, "fields": {"fechaCreacion": "2026-03-30T10:38:01.060", "fechaHoraInicio": "2026-01-26T16:00:00", "fechaHoraFin": "2026-01-26T18:00:00", "registro": 17, "factura": null, "usuario": 1, "comentario": "Sesión importada de Excel (Tutor)"}}, {"model": "registros.registrodetalle", "pk": 268, "fields": {"fechaCreacion": "2026-03-30T10:38:01.060", "fechaHoraInicio": "2026-01-27T16:00:00", "fechaHoraFin": "2026-01-27T18:00:00", "registro": 17, "factura": null, "usuario": 1, "comentario": "Sesión importada de Excel (Tutor)"}}, {"model": "registros.registrodetalle", "pk": 269, "fields": {"fechaCreacion": "2026-03-30T10:38:01.061", "fechaHoraInicio": "2026-01-28T16:00:00", "fechaHoraFin": "2026-01-28T18:00:00", "registro": 17, "factura": null, "usuario": 1, "comentario": "Sesión importada de Excel (Tutor)"}}, {"model": "registros.registrodetalle", "pk": 270, "fields": {"fechaCreacion": "2026-03-30T10:38:01.061", "fechaHoraInicio": "2026-01-31T16:00:00", "fechaHoraFin": "2026-01-31T18:00:00", "registro": 17, "factura": null, "usuario": 1, "comentario": "Sesión importada de Excel (Tutor)"}}, {"model": "registros.registrodetalle", "pk": 271, "fields": {"fechaCreacion": "2026-03-30T10:38:01.062", "fechaHoraInicio": "2026-02-02T16:00:00", "fechaHoraFin": "2026-02-02T18:00:00", "registro": 17, "factura": null, "usuario": 1, "comentario": "Sesión importada de Excel (Tutor)"}}, {"model": "registros.registrodetalle", "pk": 272, "fields": {"fechaCreacion": "2026-03-30T10:38:01.062", "fechaHoraInicio": "2026-02-03T16:00:00", "fechaHoraFin": "2026-02-03T18:00:00", "registro": 17, "factura": null, "usuario": 1, "comentario": "Sesión importada de Excel (Tutor)"}}, {"model": "registros.registrodetalle", "pk": 273, "fields": {"fechaCreacion": "2026-03-30T10:38:01.063", "fechaHoraInicio": "2026-02-04T16:00:00", "fechaHoraFin": "2026-02-04T18:00:00", "registro": 17, "factura": null, "usuario": 1, "comentario": "Sesión importada de Excel (Tutor)"}}, {"model": "registros.registrodetalle", "pk": 274, "fields": {"fechaCreacion": "2026-03-30T10:38:01.063", "fechaHoraInicio": "2026-02-05T16:00:00", "fechaHoraFin": "2026-02-05T18:00:00", "registro": 17, "factura": null, "usuario": 1, "comentario": "Sesión importada de Excel (Tutor)"}}, {"model": "registros.registrodetalle", "pk": 275, "fields": {"fechaCreacion": "2026-03-30T10:38:01.063", "fechaHoraInicio": "2026-02-09T16:00:00", "fechaHoraFin": "2026-02-09T18:00:00", "registro": 17, "factura": null, "usuario": 1, "comentario": "Sesión importada de Excel (Tutor)"}}, {"model": "registros.registrodetalle", "pk": 276, "fields": {"fechaCreacion": "2026-03-30T10:38:01.064", "fechaHoraInicio": "2026-02-10T16:00:00", "fechaHoraFin": "2026-02-10T18:00:00", "registro": 17, "factura": null, "usuario": 1, "comentario": "Sesión importada de Excel (Tutor)"}}, {"model": "registros.registrodetalle", "pk": 277, "fields": {"fechaCreacion": "2026-03-30T10:38:01.064", "fechaHoraInicio": "2026-02-11T16:00:00", "fechaHoraFin": "2026-02-11T18:00:00", "registro": 17, "factura": null, "usuario": 1, "comentario": "Sesión importada de Excel (Tutor)"}}, {"model": "registros.registrodetalle", "pk": 278, "fields": {"fechaCreacion": "2026-03-30T10:38:01.064", "fechaHoraInicio": "2026-02-12T16:00:00", "fechaHoraFin": "2026-02-12T18:00:00", "registro": 17, "factura": null, "usuario": 1, "comentario": "Sesión importada de Excel (Tutor)"}}, {"model": "registros.registrodetalle", "pk": 279, "fields": {"fechaCreacion": "2026-03-30T10:38:01.065", "fechaHoraInicio": "2026-02-16T16:00:00", "fechaHoraFin": "2026-02-16T18:00:00", "registro": 17, "factura": null, "usuario": 1, "comentario": "Sesión importada de Excel (Tutor)"}}, {"model": "registros.registrodetalle", "pk": 280, "fields": {"fechaCreacion": "2026-03-30T10:38:01.065", "fechaHoraInicio": "2026-02-17T16:00:00", "fechaHoraFin": "2026-02-17T18:00:00", "registro": 17, "factura": null, "usuario": 1, "comentario": "Sesión importada de Excel (Tutor)"}}, {"model": "registros.registrodetalle", "pk": 281, "fields": {"fechaCreacion": "2026-03-30T10:38:01.066", "fechaHoraInicio": "2026-02-19T16:00:00", "fechaHoraFin": "2026-02-19T18:00:00", "registro": 18, "factura": null, "usuario": 1, "comentario": "Sesión importada de Excel (Mentor)"}}, {"model": "registros.registrodetalle", "pk": 282, "fields": {"fechaCreacion": "2026-03-30T10:38:01.066", "fechaHoraInicio": "2026-02-23T16:00:00", "fechaHoraFin": "2026-02-23T18:00:00", "registro": 18, "factura": null, "usuario": 1, "comentario": "Sesión importada de Excel (Mentor)"}}, {"model": "registros.registrodetalle", "pk": 283, "fields": {"fechaCreacion": "2026-03-30T10:38:01.067", "fechaHoraInicio": "2026-02-24T16:00:00", "fechaHoraFin": "2026-02-24T18:00:00", "registro": 18, "factura": null, "usuario": 1, "comentario": "Sesión importada de Excel (Mentor)"}}, {"model": "registros.registrodetalle", "pk": 284, "fields": {"fechaCreacion": "2026-03-30T10:38:01.067", "fechaHoraInicio": "2026-02-25T16:00:00", "fechaHoraFin": "2026-02-25T18:00:00", "registro": 18, "factura": null, "usuario": 1, "comentario": "Sesión importada de Excel (Mentor)"}}, {"model": "registros.registrodetalle", "pk": 285, "fields": {"fechaCreacion": "2026-03-30T10:38:01.068", "fechaHoraInicio": "2026-02-26T16:00:00", "fechaHoraFin": "2026-02-26T18:00:00", "registro": 18, "factura": null, "usuario": 1, "comentario": "Sesión importada de Excel (Mentor)"}}, {"model": "registros.registrodetalle", "pk": 286, "fields": {"fechaCreacion": "2026-03-30T10:38:01.068", "fechaHoraInicio": "2026-03-02T16:00:00", "fechaHoraFin": "2026-03-02T18:00:00", "registro": 18, "factura": null, "usuario": 1, "comentario": "Sesión importada de Excel (Mentor)"}}, {"model": "registros.registrodetalle", "pk": 287, "fields": {"fechaCreacion": "2026-03-30T10:38:01.069", "fechaHoraInicio": "2026-03-03T16:00:00", "fechaHoraFin": "2026-03-03T18:00:00", "registro": 18, "factura": null, "usuario": 1, "comentario": "Sesión importada de Excel (Mentor)"}}, {"model": "registros.registrodetalle", "pk": 288, "fields": {"fechaCreacion": "2026-03-30T10:38:01.069", "fechaHoraInicio": "2026-03-04T16:00:00", "fechaHoraFin": "2026-03-04T18:00:00", "registro": 18, "factura": null, "usuario": 1, "comentario": "Sesión importada de Excel (Mentor)"}}, {"model": "registros.registrodetalle", "pk": 289, "fields": {"fechaCreacion": "2026-03-30T10:38:01.069", "fechaHoraInicio": "2026-03-05T16:00:00", "fechaHoraFin": "2026-03-05T18:00:00", "registro": 18, "factura": null, "usuario": 1, "comentario": "Sesión importada de Excel (Mentor)"}}, {"model": "registros.registrodetalle", "pk": 290, "fields": {"fechaCreacion": "2026-03-30T10:38:01.070", "fechaHoraInicio": "2026-03-09T16:00:00", "fechaHoraFin": "2026-03-09T18:00:00", "registro": 18, "factura": null, "usuario": 1, "comentario": "Sesión importada de Excel (Mentor)"}}, {"model": "registros.registrodetalle", "pk": 291, "fields": {"fechaCreacion": "2026-03-30T10:38:01.070", "fechaHoraInicio": "2026-03-10T16:00:00", "fechaHoraFin": "2026-03-10T18:00:00", "registro": 18, "factura": null, "usuario": 1, "comentario": "Sesión importada de Excel (Mentor)"}}, {"model": "registros.registrodetalle", "pk": 292, "fields": {"fechaCreacion": "2026-03-30T10:38:01.071", "fechaHoraInicio": "2026-03-11T16:00:00", "fechaHoraFin": "2026-03-11T18:00:00", "registro": 18, "factura": null, "usuario": 1, "comentario": "Sesión importada de Excel (Mentor)"}}, {"model": "registros.registrodetalle", "pk": 293, "fields": {"fechaCreacion": "2026-03-30T10:38:01.071", "fechaHoraInicio": "2026-03-12T16:00:00", "fechaHoraFin": "2026-03-12T18:00:00", "registro": 18, "factura": null, "usuario": 1, "comentario": "Sesión importada de Excel (Mentor)"}}, {"model": "registros.registrodetalle", "pk": 294, "fields": {"fechaCreacion": "2026-03-30T10:38:01.071", "fechaHoraInicio": "2026-03-16T16:00:00", "fechaHoraFin": "2026-03-16T18:00:00", "registro": 18, "factura": null, "usuario": 1, "comentario": "Sesión importada de Excel (Mentor)"}}, {"model": "registros.registrodetalle", "pk": 295, "fields": {"fechaCreacion": "2026-03-30T10:38:01.072", "fechaHoraInicio": "2026-03-17T16:00:00", "fechaHoraFin": "2026-03-17T18:00:00", "registro": 18, "factura": null, "usuario": 1, "comentario": "Sesión importada de Excel (Mentor)"}}, {"model": "registros.registrodetalle", "pk": 296, "fields": {"fechaCreacion": "2026-03-30T10:38:01.072", "fechaHoraInicio": "2026-03-18T16:00:00", "fechaHoraFin": "2026-03-18T18:00:00", "registro": 18, "factura": null, "usuario": 1, "comentario": "Sesión importada de Excel (Mentor)"}}, {"model": "registros.registrodetalle", "pk": 297, "fields": {"fechaCreacion": "2026-03-30T10:38:01.072", "fechaHoraInicio": "2026-03-19T16:00:00", "fechaHoraFin": "2026-03-19T18:00:00", "registro": 18, "factura": null, "usuario": 1, "comentario": "Sesión importada de Excel (Mentor)"}}, {"model": "registros.registrodetalle", "pk": 298, "fields": {"fechaCreacion": "2026-03-30T10:38:01.073", "fechaHoraInicio": "2026-03-23T16:00:00", "fechaHoraFin": "2026-03-23T18:00:00", "registro": 18, "factura": null, "usuario": 1, "comentario": "Sesión importada de Excel (Mentor)"}}, {"model": "registros.registrodetalle", "pk": 299, "fields": {"fechaCreacion": "2026-03-30T10:38:01.073", "fechaHoraInicio": "2026-03-24T16:00:00", "fechaHoraFin": "2026-03-24T18:00:00", "registro": 18, "factura": null, "usuario": 1, "comentario": "Sesión importada de Excel (Mentor)"}}, {"model": "registros.registrodetalle", "pk": 300, "fields": {"fechaCreacion": "2026-03-30T10:38:01.074", "fechaHoraInicio": "2026-03-25T16:00:00", "fechaHoraFin": "2026-03-25T18:00:00", "registro": 18, "factura": null, "usuario": 1, "comentario": "Sesión importada de Excel (Mentor)"}}, {"model": "registros.registrodetalle", "pk": 301, "fields": {"fechaCreacion": "2026-03-30T10:38:01.074", "fechaHoraInicio": "2026-03-26T16:00:00", "fechaHoraFin": "2026-03-26T18:00:00", "registro": 18, "factura": null, "usuario": 1, "comentario": "Sesión importada de Excel (Mentor)"}}, {"model": "registros.registrodetalle", "pk": 302, "fields": {"fechaCreacion": "2026-03-30T10:38:01.075", "fechaHoraInicio": "2025-11-22T08:30:00", "fechaHoraFin": "2025-11-22T13:30:00", "registro": 19, "factura": null, "usuario": 1, "comentario": "Sesión importada de Excel (Consejero)"}}, {"model": "registros.registrodetalle", "pk": 303, "fields": {"fechaCreacion": "2026-03-30T10:38:01.075", "fechaHoraInicio": "2025-11-29T08:30:00", "fechaHoraFin": "2025-11-29T13:30:00", "registro": 19, "factura": null, "usuario": 1, "comentario": "Sesión importada de Excel (Consejero)"}}, {"model": "registros.registrodetalle", "pk": 304, "fields": {"fechaCreacion": "2026-03-30T10:38:01.075", "fechaHoraInicio": "2026-03-13T08:30:00", "fechaHoraFin": "2026-03-13T13:30:00", "registro": 19, "factura": null, "usuario": 1, "comentario": "Sesión importada de Excel (Consejero)"}}, {"model": "registros.registrodetalle", "pk": 305, "fields": {"fechaCreacion": "2026-03-30T10:38:01.076", "fechaHoraInicio": "2026-01-24T08:30:00", "fechaHoraFin": "2026-01-24T13:30:00", "registro": 19, "factura": null, "usuario": 1, "comentario": "Sesión importada de Excel (Consejero)"}}, {"model": "registros.registrodetalle", "pk": 306, "fields": {"fechaCreacion": "2026-03-30T10:38:01.081", "fechaHoraInicio": "2025-11-13T16:00:00", "fechaHoraFin": "2025-11-13T18:00:00", "registro": 20, "factura": null, "usuario": 1, "comentario": "Sesión importada de Excel (Tutor)"}}, {"model": "registros.registrodetalle", "pk": 307, "fields": {"fechaCreacion": "2026-03-30T10:38:01.082", "fechaHoraInicio": "2025-11-18T16:00:00", "fechaHoraFin": "2025-11-18T18:00:00", "registro": 20, "factura": null, "usuario": 1, "comentario": "Sesión importada de Excel (Tutor)"}}, {"model": "registros.registrodetalle", "pk": 308, "fields": {"fechaCreacion": "2026-03-30T10:38:01.082", "fechaHoraInicio": "2025-11-20T16:00:00", "fechaHoraFin": "2025-11-20T18:00:00", "registro": 20, "factura": null, "usuario": 1, "comentario": "Sesión importada de Excel (Tutor)"}}, {"model": "registros.registrodetalle", "pk": 309, "fields": {"fechaCreacion": "2026-03-30T10:38:01.083", "fechaHoraInicio": "2025-11-25T16:00:00", "fechaHoraFin": "2025-11-25T18:00:00", "registro": 20, "factura": null, "usuario": 1, "comentario": "Sesión importada de Excel (Tutor)"}}, {"model": "registros.registrodetalle", "pk": 310, "fields": {"fechaCreacion": "2026-03-30T10:38:01.083", "fechaHoraInicio": "2025-12-02T16:00:00", "fechaHoraFin": "2025-12-02T18:00:00", "registro": 20, "factura": null, "usuario": 1, "comentario": "Sesión importada de Excel (Tutor)"}}, {"model": "registros.registrodetalle", "pk": 311, "fields": {"fechaCreacion": "2026-03-30T10:38:01.083", "fechaHoraInicio": "2025-12-04T16:00:00", "fechaHoraFin": "2025-12-04T18:00:00", "registro": 20, "factura": null, "usuario": 1, "comentario": "Sesión importada de Excel (Tutor)"}}, {"model": "registros.registrodetalle", "pk": 312, "fields": {"fechaCreacion": "2026-03-30T10:38:01.084", "fechaHoraInicio": "2025-12-09T16:00:00", "fechaHoraFin": "2025-12-09T18:00:00", "registro": 20, "factura": null, "usuario": 1, "comentario": "Sesión importada de Excel (Tutor)"}}, {"model": "registros.registrodetalle", "pk": 313, "fields": {"fechaCreacion": "2026-03-30T10:38:01.084", "fechaHoraInicio": "2025-12-11T16:00:00", "fechaHoraFin": "2025-12-11T18:00:00", "registro": 20, "factura": null, "usuario": 1, "comentario": "Sesión importada de Excel (Tutor)"}}, {"model": "registros.registrodetalle", "pk": 314, "fields": {"fechaCreacion": "2026-03-30T10:38:01.085", "fechaHoraInicio": "2025-12-16T16:00:00", "fechaHoraFin": "2025-12-16T18:00:00", "registro": 20, "factura": null, "usuario": 1, "comentario": "Sesión importada de Excel (Tutor)"}}, {"model": "registros.registrodetalle", "pk": 315, "fields": {"fechaCreacion": "2026-03-30T10:38:01.085", "fechaHoraInicio": "2025-12-18T16:00:00", "fechaHoraFin": "2025-12-18T18:00:00", "registro": 20, "factura": null, "usuario": 1, "comentario": "Sesión importada de Excel (Tutor)"}}, {"model": "registros.registrodetalle", "pk": 316, "fields": {"fechaCreacion": "2026-03-30T10:38:01.085", "fechaHoraInicio": "2026-01-19T16:00:00", "fechaHoraFin": "2026-01-19T18:00:00", "registro": 20, "factura": null, "usuario": 1, "comentario": "Sesión importada de Excel (Tutor)"}}, {"model": "registros.registrodetalle", "pk": 317, "fields": {"fechaCreacion": "2026-03-30T10:38:01.086", "fechaHoraInicio": "2026-01-20T16:00:00", "fechaHoraFin": "2026-01-20T18:00:00", "registro": 20, "factura": null, "usuario": 1, "comentario": "Sesión importada de Excel (Tutor)"}}, {"model": "registros.registrodetalle", "pk": 318, "fields": {"fechaCreacion": "2026-03-30T10:38:01.086", "fechaHoraInicio": "2026-01-21T16:00:00", "fechaHoraFin": "2026-01-21T18:00:00", "registro": 20, "factura": null, "usuario": 1, "comentario": "Sesión importada de Excel (Tutor)"}}, {"model": "registros.registrodetalle", "pk": 319, "fields": {"fechaCreacion": "2026-03-30T10:38:01.086", "fechaHoraInicio": "2026-01-22T16:00:00", "fechaHoraFin": "2026-01-22T18:00:00", "registro": 20, "factura": null, "usuario": 1, "comentario": "Sesión importada de Excel (Tutor)"}}, {"model": "registros.registrodetalle", "pk": 320, "fields": {"fechaCreacion": "2026-03-30T10:38:01.087", "fechaHoraInicio": "2026-01-26T16:00:00", "fechaHoraFin": "2026-01-26T18:00:00", "registro": 20, "factura": null, "usuario": 1, "comentario": "Sesión importada de Excel (Tutor)"}}, {"model": "registros.registrodetalle", "pk": 321, "fields": {"fechaCreacion": "2026-03-30T10:38:01.087", "fechaHoraInicio": "2026-01-27T16:00:00", "fechaHoraFin": "2026-01-27T18:00:00", "registro": 20, "factura": null, "usuario": 1, "comentario": "Sesión importada de Excel (Tutor)"}}, {"model": "registros.registrodetalle", "pk": 322, "fields": {"fechaCreacion": "2026-03-30T10:38:01.087", "fechaHoraInicio": "2026-01-28T16:00:00", "fechaHoraFin": "2026-01-28T18:00:00", "registro": 20, "factura": null, "usuario": 1, "comentario": "Sesión importada de Excel (Tutor)"}}, {"model": "registros.registrodetalle", "pk": 323, "fields": {"fechaCreacion": "2026-03-30T10:38:01.088", "fechaHoraInicio": "2026-01-29T16:00:00", "fechaHoraFin": "2026-01-29T18:00:00", "registro": 20, "factura": null, "usuario": 1, "comentario": "Sesión importada de Excel (Tutor)"}}, {"model": "registros.registrodetalle", "pk": 324, "fields": {"fechaCreacion": "2026-03-30T10:38:01.088", "fechaHoraInicio": "2026-02-02T16:00:00", "fechaHoraFin": "2026-02-02T18:00:00", "registro": 20, "factura": null, "usuario": 1, "comentario": "Sesión importada de Excel (Tutor)"}}, {"model": "registros.registrodetalle", "pk": 325, "fields": {"fechaCreacion": "2026-03-30T10:38:01.089", "fechaHoraInicio": "2026-02-03T16:00:00", "fechaHoraFin": "2026-02-03T18:00:00", "registro": 20, "factura": null, "usuario": 1, "comentario": "Sesión importada de Excel (Tutor)"}}, {"model": "registros.registrodetalle", "pk": 326, "fields": {"fechaCreacion": "2026-03-30T10:38:01.089", "fechaHoraInicio": "2026-02-04T16:00:00", "fechaHoraFin": "2026-02-04T18:00:00", "registro": 20, "factura": null, "usuario": 1, "comentario": "Sesión importada de Excel (Tutor)"}}, {"model": "registros.registrodetalle", "pk": 327, "fields": {"fechaCreacion": "2026-03-30T10:38:01.089", "fechaHoraInicio": "2026-02-05T16:00:00", "fechaHoraFin": "2026-02-05T18:00:00", "registro": 20, "factura": null, "usuario": 1, "comentario": "Sesión importada de Excel (Tutor)"}}, {"model": "registros.registrodetalle", "pk": 328, "fields": {"fechaCreacion": "2026-03-30T10:38:01.090", "fechaHoraInicio": "2026-02-09T16:00:00", "fechaHoraFin": "2026-02-09T18:00:00", "registro": 20, "factura": null, "usuario": 1, "comentario": "Sesión importada de Excel (Tutor)"}}, {"model": "registros.registrodetalle", "pk": 329, "fields": {"fechaCreacion": "2026-03-30T10:38:01.090", "fechaHoraInicio": "2026-02-10T16:00:00", "fechaHoraFin": "2026-02-10T18:00:00", "registro": 20, "factura": null, "usuario": 1, "comentario": "Sesión importada de Excel (Tutor)"}}, {"model": "registros.registrodetalle", "pk": 330, "fields": {"fechaCreacion": "2026-03-30T10:38:01.090", "fechaHoraInicio": "2026-02-11T16:00:00", "fechaHoraFin": "2026-02-11T18:00:00", "registro": 20, "factura": null, "usuario": 1, "comentario": "Sesión importada de Excel (Tutor)"}}, {"model": "registros.registrodetalle", "pk": 331, "fields": {"fechaCreacion": "2026-03-30T10:38:01.091", "fechaHoraInicio": "2026-02-12T16:00:00", "fechaHoraFin": "2026-02-12T18:00:00", "registro": 20, "factura": null, "usuario": 1, "comentario": "Sesión importada de Excel (Tutor)"}}, {"model": "registros.registrodetalle", "pk": 332, "fields": {"fechaCreacion": "2026-03-30T10:38:01.091", "fechaHoraInicio": "2026-02-18T16:00:00", "fechaHoraFin": "2026-02-18T18:00:00", "registro": 20, "factura": null, "usuario": 1, "comentario": "Sesión importada de Excel (Tutor)"}}, {"model": "registros.registrodetalle", "pk": 333, "fields": {"fechaCreacion": "2026-03-30T10:38:01.092", "fechaHoraInicio": "2026-02-28T16:00:00", "fechaHoraFin": "2026-02-28T18:00:00", "registro": 20, "factura": null, "usuario": 1, "comentario": "Sesión importada de Excel (Tutor)"}}, {"model": "registros.registrodetalle", "pk": 334, "fields": {"fechaCreacion": "2026-03-30T10:38:01.093", "fechaHoraInicio": "2026-02-19T16:00:00", "fechaHoraFin": "2026-02-19T18:00:00", "registro": 21, "factura": null, "usuario": 1, "comentario": "Sesión importada de Excel (Mentor)"}}, {"model": "registros.registrodetalle", "pk": 335, "fields": {"fechaCreacion": "2026-03-30T10:38:01.093", "fechaHoraInicio": "2026-02-23T16:00:00", "fechaHoraFin": "2026-02-23T18:00:00", "registro": 21, "factura": null, "usuario": 1, "comentario": "Sesión importada de Excel (Mentor)"}}, {"model": "registros.registrodetalle", "pk": 336, "fields": {"fechaCreacion": "2026-03-30T10:38:01.093", "fechaHoraInicio": "2026-02-24T16:00:00", "fechaHoraFin": "2026-02-24T18:00:00", "registro": 21, "factura": null, "usuario": 1, "comentario": "Sesión importada de Excel (Mentor)"}}, {"model": "registros.registrodetalle", "pk": 337, "fields": {"fechaCreacion": "2026-03-30T10:38:01.094", "fechaHoraInicio": "2026-02-25T16:00:00", "fechaHoraFin": "2026-02-25T18:00:00", "registro": 21, "factura": null, "usuario": 1, "comentario": "Sesión importada de Excel (Mentor)"}}, {"model": "registros.registrodetalle", "pk": 338, "fields": {"fechaCreacion": "2026-03-30T10:38:01.094", "fechaHoraInicio": "2026-03-03T16:00:00", "fechaHoraFin": "2026-03-03T18:00:00", "registro": 21, "factura": null, "usuario": 1, "comentario": "Sesión importada de Excel (Mentor)"}}, {"model": "registros.registrodetalle", "pk": 339, "fields": {"fechaCreacion": "2026-03-30T10:38:01.095", "fechaHoraInicio": "2026-03-05T16:00:00", "fechaHoraFin": "2026-03-05T18:00:00", "registro": 21, "factura": null, "usuario": 1, "comentario": "Sesión importada de Excel (Mentor)"}}, {"model": "registros.registrodetalle", "pk": 340, "fields": {"fechaCreacion": "2026-03-30T10:38:01.095", "fechaHoraInicio": "2026-03-09T16:00:00", "fechaHoraFin": "2026-03-09T18:00:00", "registro": 21, "factura": null, "usuario": 1, "comentario": "Sesión importada de Excel (Mentor)"}}, {"model": "registros.registrodetalle", "pk": 341, "fields": {"fechaCreacion": "2026-03-30T10:38:01.095", "fechaHoraInicio": "2026-03-10T16:00:00", "fechaHoraFin": "2026-03-10T18:00:00", "registro": 21, "factura": null, "usuario": 1, "comentario": "Sesión importada de Excel (Mentor)"}}, {"model": "registros.registrodetalle", "pk": 342, "fields": {"fechaCreacion": "2026-03-30T10:38:01.096", "fechaHoraInicio": "2026-03-11T16:00:00", "fechaHoraFin": "2026-03-11T18:00:00", "registro": 21, "factura": null, "usuario": 1, "comentario": "Sesión importada de Excel (Mentor)"}}, {"model": "registros.registrodetalle", "pk": 343, "fields": {"fechaCreacion": "2026-03-30T10:38:01.096", "fechaHoraInicio": "2026-03-12T16:00:00", "fechaHoraFin": "2026-03-12T18:00:00", "registro": 21, "factura": null, "usuario": 1, "comentario": "Sesión importada de Excel (Mentor)"}}, {"model": "registros.registrodetalle", "pk": 344, "fields": {"fechaCreacion": "2026-03-30T10:38:01.097", "fechaHoraInicio": "2026-03-16T16:00:00", "fechaHoraFin": "2026-03-16T18:00:00", "registro": 21, "factura": null, "usuario": 1, "comentario": "Sesión importada de Excel (Mentor)"}}, {"model": "registros.registrodetalle", "pk": 345, "fields": {"fechaCreacion": "2026-03-30T10:38:01.097", "fechaHoraInicio": "2026-03-17T16:00:00", "fechaHoraFin": "2026-03-17T18:00:00", "registro": 21, "factura": null, "usuario": 1, "comentario": "Sesión importada de Excel (Mentor)"}}, {"model": "registros.registrodetalle", "pk": 346, "fields": {"fechaCreacion": "2026-03-30T10:38:01.097", "fechaHoraInicio": "2026-03-18T16:00:00", "fechaHoraFin": "2026-03-18T18:00:00", "registro": 21, "factura": null, "usuario": 1, "comentario": "Sesión importada de Excel (Mentor)"}}, {"model": "registros.registrodetalle", "pk": 347, "fields": {"fechaCreacion": "2026-03-30T10:38:01.098", "fechaHoraInicio": "2026-03-19T16:00:00", "fechaHoraFin": "2026-03-19T18:00:00", "registro": 21, "factura": null, "usuario": 1, "comentario": "Sesión importada de Excel (Mentor)"}}, {"model": "registros.registrodetalle", "pk": 348, "fields": {"fechaCreacion": "2026-03-30T10:38:01.098", "fechaHoraInicio": "2026-03-23T16:00:00", "fechaHoraFin": "2026-03-23T18:00:00", "registro": 21, "factura": null, "usuario": 1, "comentario": "Sesión importada de Excel (Mentor)"}}, {"model": "registros.registrodetalle", "pk": 349, "fields": {"fechaCreacion": "2026-03-30T10:38:01.098", "fechaHoraInicio": "2026-03-24T16:00:00", "fechaHoraFin": "2026-03-24T18:00:00", "registro": 21, "factura": null, "usuario": 1, "comentario": "Sesión importada de Excel (Mentor)"}}, {"model": "registros.registrodetalle", "pk": 350, "fields": {"fechaCreacion": "2026-03-30T10:38:01.099", "fechaHoraInicio": "2026-03-25T16:00:00", "fechaHoraFin": "2026-03-25T18:00:00", "registro": 21, "factura": null, "usuario": 1, "comentario": "Sesión importada de Excel (Mentor)"}}, {"model": "registros.registrodetalle", "pk": 351, "fields": {"fechaCreacion": "2026-03-30T10:38:01.099", "fechaHoraInicio": "2026-03-26T16:00:00", "fechaHoraFin": "2026-03-26T18:00:00", "registro": 21, "factura": null, "usuario": 1, "comentario": "Sesión importada de Excel (Mentor)"}}, {"model": "registros.registrodetalle", "pk": 352, "fields": {"fechaCreacion": "2026-03-30T10:38:01.100", "fechaHoraInicio": "2025-11-15T08:30:00", "fechaHoraFin": "2025-11-15T13:30:00", "registro": 22, "factura": null, "usuario": 1, "comentario": "Sesión importada de Excel (Consejero)"}}, {"model": "registros.registrodetalle", "pk": 353, "fields": {"fechaCreacion": "2026-03-30T10:38:01.100", "fechaHoraInicio": "2025-11-29T08:30:00", "fechaHoraFin": "2025-11-29T13:30:00", "registro": 22, "factura": null, "usuario": 1, "comentario": "Sesión importada de Excel (Consejero)"}}, {"model": "registros.registrodetalle", "pk": 354, "fields": {"fechaCreacion": "2026-03-30T10:38:01.101", "fechaHoraInicio": "2025-12-20T08:30:00", "fechaHoraFin": "2025-12-20T13:30:00", "registro": 22, "factura": null, "usuario": 1, "comentario": "Sesión importada de Excel (Consejero)"}}, {"model": "registros.registrodetalle", "pk": 355, "fields": {"fechaCreacion": "2026-03-30T10:38:01.101", "fechaHoraInicio": "2025-12-22T08:30:00", "fechaHoraFin": "2025-12-22T13:30:00", "registro": 22, "factura": null, "usuario": 1, "comentario": "Sesión importada de Excel (Consejero)"}}, {"model": "registros.registrodetalle", "pk": 356, "fields": {"fechaCreacion": "2026-03-30T10:38:01.106", "fechaHoraInicio": "2025-11-13T16:00:00", "fechaHoraFin": "2025-11-13T18:00:00", "registro": 23, "factura": null, "usuario": 1, "comentario": "Sesión importada de Excel (Tutor)"}}, {"model": "registros.registrodetalle", "pk": 357, "fields": {"fechaCreacion": "2026-03-30T10:38:01.106", "fechaHoraInicio": "2025-11-18T16:00:00", "fechaHoraFin": "2025-11-18T18:00:00", "registro": 23, "factura": null, "usuario": 1, "comentario": "Sesión importada de Excel (Tutor)"}}, {"model": "registros.registrodetalle", "pk": 358, "fields": {"fechaCreacion": "2026-03-30T10:38:01.106", "fechaHoraInicio": "2025-11-20T16:00:00", "fechaHoraFin": "2025-11-20T18:00:00", "registro": 23, "factura": null, "usuario": 1, "comentario": "Sesión importada de Excel (Tutor)"}}, {"model": "registros.registrodetalle", "pk": 359, "fields": {"fechaCreacion": "2026-03-30T10:38:01.107", "fechaHoraInicio": "2025-11-25T16:00:00", "fechaHoraFin": "2025-11-25T18:00:00", "registro": 23, "factura": null, "usuario": 1, "comentario": "Sesión importada de Excel (Tutor)"}}, {"model": "registros.registrodetalle", "pk": 360, "fields": {"fechaCreacion": "2026-03-30T10:38:01.107", "fechaHoraInicio": "2025-12-02T16:00:00", "fechaHoraFin": "2025-12-02T18:00:00", "registro": 23, "factura": null, "usuario": 1, "comentario": "Sesión importada de Excel (Tutor)"}}, {"model": "registros.registrodetalle", "pk": 361, "fields": {"fechaCreacion": "2026-03-30T10:38:01.108", "fechaHoraInicio": "2025-12-04T16:00:00", "fechaHoraFin": "2025-12-04T18:00:00", "registro": 23, "factura": null, "usuario": 1, "comentario": "Sesión importada de Excel (Tutor)"}}, {"model": "registros.registrodetalle", "pk": 362, "fields": {"fechaCreacion": "2026-03-30T10:38:01.108", "fechaHoraInicio": "2025-12-09T16:00:00", "fechaHoraFin": "2025-12-09T18:00:00", "registro": 23, "factura": null, "usuario": 1, "comentario": "Sesión importada de Excel (Tutor)"}}, {"model": "registros.registrodetalle", "pk": 363, "fields": {"fechaCreacion": "2026-03-30T10:38:01.108", "fechaHoraInicio": "2025-12-11T16:00:00", "fechaHoraFin": "2025-12-11T18:00:00", "registro": 23, "factura": null, "usuario": 1, "comentario": "Sesión importada de Excel (Tutor)"}}, {"model": "registros.registrodetalle", "pk": 364, "fields": {"fechaCreacion": "2026-03-30T10:38:01.109", "fechaHoraInicio": "2025-12-16T16:00:00", "fechaHoraFin": "2025-12-16T18:00:00", "registro": 23, "factura": null, "usuario": 1, "comentario": "Sesión importada de Excel (Tutor)"}}, {"model": "registros.registrodetalle", "pk": 365, "fields": {"fechaCreacion": "2026-03-30T10:38:01.109", "fechaHoraInicio": "2025-12-18T16:00:00", "fechaHoraFin": "2025-12-18T18:00:00", "registro": 23, "factura": null, "usuario": 1, "comentario": "Sesión importada de Excel (Tutor)"}}, {"model": "registros.registrodetalle", "pk": 366, "fields": {"fechaCreacion": "2026-03-30T10:38:01.109", "fechaHoraInicio": "2026-01-19T16:00:00", "fechaHoraFin": "2026-01-19T18:00:00", "registro": 23, "factura": null, "usuario": 1, "comentario": "Sesión importada de Excel (Tutor)"}}, {"model": "registros.registrodetalle", "pk": 367, "fields": {"fechaCreacion": "2026-03-30T10:38:01.110", "fechaHoraInicio": "2026-01-20T16:00:00", "fechaHoraFin": "2026-01-20T18:00:00", "registro": 23, "factura": null, "usuario": 1, "comentario": "Sesión importada de Excel (Tutor)"}}, {"model": "registros.registrodetalle", "pk": 368, "fields": {"fechaCreacion": "2026-03-30T10:38:01.110", "fechaHoraInicio": "2026-01-21T16:00:00", "fechaHoraFin": "2026-01-21T18:00:00", "registro": 23, "factura": null, "usuario": 1, "comentario": "Sesión importada de Excel (Tutor)"}}, {"model": "registros.registrodetalle", "pk": 369, "fields": {"fechaCreacion": "2026-03-30T10:38:01.111", "fechaHoraInicio": "2026-01-22T16:00:00", "fechaHoraFin": "2026-01-22T18:00:00", "registro": 23, "factura": null, "usuario": 1, "comentario": "Sesión importada de Excel (Tutor)"}}, {"model": "registros.registrodetalle", "pk": 370, "fields": {"fechaCreacion": "2026-03-30T10:38:01.111", "fechaHoraInicio": "2026-01-26T16:00:00", "fechaHoraFin": "2026-01-26T18:00:00", "registro": 23, "factura": null, "usuario": 1, "comentario": "Sesión importada de Excel (Tutor)"}}, {"model": "registros.registrodetalle", "pk": 371, "fields": {"fechaCreacion": "2026-03-30T10:38:01.111", "fechaHoraInicio": "2026-01-27T16:00:00", "fechaHoraFin": "2026-01-27T18:00:00", "registro": 23, "factura": null, "usuario": 1, "comentario": "Sesión importada de Excel (Tutor)"}}, {"model": "registros.registrodetalle", "pk": 372, "fields": {"fechaCreacion": "2026-03-30T10:38:01.112", "fechaHoraInicio": "2026-01-28T16:00:00", "fechaHoraFin": "2026-01-28T18:00:00", "registro": 23, "factura": null, "usuario": 1, "comentario": "Sesión importada de Excel (Tutor)"}}, {"model": "registros.registrodetalle", "pk": 373, "fields": {"fechaCreacion": "2026-03-30T10:38:01.112", "fechaHoraInicio": "2026-01-29T16:00:00", "fechaHoraFin": "2026-01-29T18:00:00", "registro": 23, "factura": null, "usuario": 1, "comentario": "Sesión importada de Excel (Tutor)"}}, {"model": "registros.registrodetalle", "pk": 374, "fields": {"fechaCreacion": "2026-03-30T10:38:01.113", "fechaHoraInicio": "2026-02-02T16:00:00", "fechaHoraFin": "2026-02-02T18:00:00", "registro": 23, "factura": null, "usuario": 1, "comentario": "Sesión importada de Excel (Tutor)"}}, {"model": "registros.registrodetalle", "pk": 375, "fields": {"fechaCreacion": "2026-03-30T10:38:01.113", "fechaHoraInicio": "2026-02-03T16:00:00", "fechaHoraFin": "2026-02-03T18:00:00", "registro": 23, "factura": null, "usuario": 1, "comentario": "Sesión importada de Excel (Tutor)"}}, {"model": "registros.registrodetalle", "pk": 376, "fields": {"fechaCreacion": "2026-03-30T10:38:01.113", "fechaHoraInicio": "2026-02-04T16:00:00", "fechaHoraFin": "2026-02-04T18:00:00", "registro": 23, "factura": null, "usuario": 1, "comentario": "Sesión importada de Excel (Tutor)"}}, {"model": "registros.registrodetalle", "pk": 377, "fields": {"fechaCreacion": "2026-03-30T10:38:01.114", "fechaHoraInicio": "2026-02-05T16:00:00", "fechaHoraFin": "2026-02-05T18:00:00", "registro": 23, "factura": null, "usuario": 1, "comentario": "Sesión importada de Excel (Tutor)"}}, {"model": "registros.registrodetalle", "pk": 378, "fields": {"fechaCreacion": "2026-03-30T10:38:01.114", "fechaHoraInicio": "2026-02-09T16:00:00", "fechaHoraFin": "2026-02-09T18:00:00", "registro": 23, "factura": null, "usuario": 1, "comentario": "Sesión importada de Excel (Tutor)"}}, {"model": "registros.registrodetalle", "pk": 379, "fields": {"fechaCreacion": "2026-03-30T10:38:01.115", "fechaHoraInicio": "2026-02-10T16:00:00", "fechaHoraFin": "2026-02-10T18:00:00", "registro": 23, "factura": null, "usuario": 1, "comentario": "Sesión importada de Excel (Tutor)"}}, {"model": "registros.registrodetalle", "pk": 380, "fields": {"fechaCreacion": "2026-03-30T10:38:01.115", "fechaHoraInicio": "2026-02-11T16:00:00", "fechaHoraFin": "2026-02-11T18:00:00", "registro": 23, "factura": null, "usuario": 1, "comentario": "Sesión importada de Excel (Tutor)"}}, {"model": "registros.registrodetalle", "pk": 381, "fields": {"fechaCreacion": "2026-03-30T10:38:01.115", "fechaHoraInicio": "2026-02-12T16:00:00", "fechaHoraFin": "2026-02-12T18:00:00", "registro": 23, "factura": null, "usuario": 1, "comentario": "Sesión importada de Excel (Tutor)"}}, {"model": "registros.registrodetalle", "pk": 382, "fields": {"fechaCreacion": "2026-03-30T10:38:01.116", "fechaHoraInicio": "2026-02-16T16:00:00", "fechaHoraFin": "2026-02-16T18:00:00", "registro": 23, "factura": null, "usuario": 1, "comentario": "Sesión importada de Excel (Tutor)"}}, {"model": "registros.registrodetalle", "pk": 383, "fields": {"fechaCreacion": "2026-03-30T10:38:01.116", "fechaHoraInicio": "2026-02-17T16:00:00", "fechaHoraFin": "2026-02-17T18:00:00", "registro": 23, "factura": null, "usuario": 1, "comentario": "Sesión importada de Excel (Tutor)"}}, {"model": "registros.registrodetalle", "pk": 384, "fields": {"fechaCreacion": "2026-03-30T10:38:01.117", "fechaHoraInicio": "2026-02-19T16:00:00", "fechaHoraFin": "2026-02-19T18:00:00", "registro": 24, "factura": null, "usuario": 1, "comentario": "Sesión importada de Excel (Mentor)"}}, {"model": "registros.registrodetalle", "pk": 385, "fields": {"fechaCreacion": "2026-03-30T10:38:01.117", "fechaHoraInicio": "2026-02-23T16:00:00", "fechaHoraFin": "2026-02-23T18:00:00", "registro": 24, "factura": null, "usuario": 1, "comentario": "Sesión importada de Excel (Mentor)"}}, {"model": "registros.registrodetalle", "pk": 386, "fields": {"fechaCreacion": "2026-03-30T10:38:01.118", "fechaHoraInicio": "2026-02-24T16:00:00", "fechaHoraFin": "2026-02-24T18:00:00", "registro": 24, "factura": null, "usuario": 1, "comentario": "Sesión importada de Excel (Mentor)"}}, {"model": "registros.registrodetalle", "pk": 387, "fields": {"fechaCreacion": "2026-03-30T10:38:01.118", "fechaHoraInicio": "2026-02-25T16:00:00", "fechaHoraFin": "2026-02-25T18:00:00", "registro": 24, "factura": null, "usuario": 1, "comentario": "Sesión importada de Excel (Mentor)"}}, {"model": "registros.registrodetalle", "pk": 388, "fields": {"fechaCreacion": "2026-03-30T10:38:01.119", "fechaHoraInicio": "2026-02-26T16:00:00", "fechaHoraFin": "2026-02-26T18:00:00", "registro": 24, "factura": null, "usuario": 1, "comentario": "Sesión importada de Excel (Mentor)"}}, {"model": "registros.registrodetalle", "pk": 389, "fields": {"fechaCreacion": "2026-03-30T10:38:01.119", "fechaHoraInicio": "2026-03-02T16:00:00", "fechaHoraFin": "2026-03-02T18:00:00", "registro": 24, "factura": null, "usuario": 1, "comentario": "Sesión importada de Excel (Mentor)"}}, {"model": "registros.registrodetalle", "pk": 390, "fields": {"fechaCreacion": "2026-03-30T10:38:01.119", "fechaHoraInicio": "2026-03-03T16:00:00", "fechaHoraFin": "2026-03-03T18:00:00", "registro": 24, "factura": null, "usuario": 1, "comentario": "Sesión importada de Excel (Mentor)"}}, {"model": "registros.registrodetalle", "pk": 391, "fields": {"fechaCreacion": "2026-03-30T10:38:01.120", "fechaHoraInicio": "2026-03-04T16:00:00", "fechaHoraFin": "2026-03-04T18:00:00", "registro": 24, "factura": null, "usuario": 1, "comentario": "Sesión importada de Excel (Mentor)"}}, {"model": "registros.registrodetalle", "pk": 392, "fields": {"fechaCreacion": "2026-03-30T10:38:01.120", "fechaHoraInicio": "2026-03-05T16:00:00", "fechaHoraFin": "2026-03-05T18:00:00", "registro": 24, "factura": null, "usuario": 1, "comentario": "Sesión importada de Excel (Mentor)"}}, {"model": "registros.registrodetalle", "pk": 393, "fields": {"fechaCreacion": "2026-03-30T10:38:01.120", "fechaHoraInicio": "2026-03-09T16:00:00", "fechaHoraFin": "2026-03-09T18:00:00", "registro": 24, "factura": null, "usuario": 1, "comentario": "Sesión importada de Excel (Mentor)"}}, {"model": "registros.registrodetalle", "pk": 394, "fields": {"fechaCreacion": "2026-03-30T10:38:01.121", "fechaHoraInicio": "2026-03-10T16:00:00", "fechaHoraFin": "2026-03-10T18:00:00", "registro": 24, "factura": null, "usuario": 1, "comentario": "Sesión importada de Excel (Mentor)"}}, {"model": "registros.registrodetalle", "pk": 395, "fields": {"fechaCreacion": "2026-03-30T10:38:01.121", "fechaHoraInicio": "2026-03-11T16:00:00", "fechaHoraFin": "2026-03-11T18:00:00", "registro": 24, "factura": null, "usuario": 1, "comentario": "Sesión importada de Excel (Mentor)"}}, {"model": "registros.registrodetalle", "pk": 396, "fields": {"fechaCreacion": "2026-03-30T10:38:01.122", "fechaHoraInicio": "2026-03-12T16:00:00", "fechaHoraFin": "2026-03-12T18:00:00", "registro": 24, "factura": null, "usuario": 1, "comentario": "Sesión importada de Excel (Mentor)"}}, {"model": "registros.registrodetalle", "pk": 397, "fields": {"fechaCreacion": "2026-03-30T10:38:01.122", "fechaHoraInicio": "2026-03-16T16:00:00", "fechaHoraFin": "2026-03-16T18:00:00", "registro": 24, "factura": null, "usuario": 1, "comentario": "Sesión importada de Excel (Mentor)"}}, {"model": "registros.registrodetalle", "pk": 398, "fields": {"fechaCreacion": "2026-03-30T10:38:01.122", "fechaHoraInicio": "2026-03-17T16:00:00", "fechaHoraFin": "2026-03-17T18:00:00", "registro": 24, "factura": null, "usuario": 1, "comentario": "Sesión importada de Excel (Mentor)"}}, {"model": "registros.registrodetalle", "pk": 399, "fields": {"fechaCreacion": "2026-03-30T10:38:01.123", "fechaHoraInicio": "2026-03-18T16:00:00", "fechaHoraFin": "2026-03-18T18:00:00", "registro": 24, "factura": null, "usuario": 1, "comentario": "Sesión importada de Excel (Mentor)"}}, {"model": "registros.registrodetalle", "pk": 400, "fields": {"fechaCreacion": "2026-03-30T10:38:01.123", "fechaHoraInicio": "2026-03-19T16:00:00", "fechaHoraFin": "2026-03-19T18:00:00", "registro": 24, "factura": null, "usuario": 1, "comentario": "Sesión importada de Excel (Mentor)"}}, {"model": "registros.registrodetalle", "pk": 401, "fields": {"fechaCreacion": "2026-03-30T10:38:01.124", "fechaHoraInicio": "2026-03-23T16:00:00", "fechaHoraFin": "2026-03-23T18:00:00", "registro": 24, "factura": null, "usuario": 1, "comentario": "Sesión importada de Excel (Mentor)"}}, {"model": "registros.registrodetalle", "pk": 402, "fields": {"fechaCreacion": "2026-03-30T10:38:01.124", "fechaHoraInicio": "2026-03-24T16:00:00", "fechaHoraFin": "2026-03-24T18:00:00", "registro": 24, "factura": null, "usuario": 1, "comentario": "Sesión importada de Excel (Mentor)"}}, {"model": "registros.registrodetalle", "pk": 403, "fields": {"fechaCreacion": "2026-03-30T10:38:01.124", "fechaHoraInicio": "2026-03-25T16:00:00", "fechaHoraFin": "2026-03-25T18:00:00", "registro": 24, "factura": null, "usuario": 1, "comentario": "Sesión importada de Excel (Mentor)"}}, {"model": "registros.registrodetalle", "pk": 404, "fields": {"fechaCreacion": "2026-03-30T10:38:01.125", "fechaHoraInicio": "2025-11-15T08:30:00", "fechaHoraFin": "2025-11-15T13:30:00", "registro": 25, "factura": null, "usuario": 1, "comentario": "Sesión importada de Excel (Consejero)"}}, {"model": "registros.registrodetalle", "pk": 405, "fields": {"fechaCreacion": "2026-03-30T10:38:01.126", "fechaHoraInicio": "2025-11-29T08:30:00", "fechaHoraFin": "2025-11-29T13:30:00", "registro": 25, "factura": null, "usuario": 1, "comentario": "Sesión importada de Excel (Consejero)"}}, {"model": "registros.registrodetalle", "pk": 406, "fields": {"fechaCreacion": "2026-03-30T10:38:01.126", "fechaHoraInicio": "2025-12-20T08:30:00", "fechaHoraFin": "2025-12-20T13:30:00", "registro": 25, "factura": null, "usuario": 1, "comentario": "Sesión importada de Excel (Consejero)"}}, {"model": "registros.registrodetalle", "pk": 407, "fields": {"fechaCreacion": "2026-03-30T10:38:01.126", "fechaHoraInicio": "2025-12-22T08:30:00", "fechaHoraFin": "2025-12-22T13:30:00", "registro": 25, "factura": null, "usuario": 1, "comentario": "Sesión importada de Excel (Consejero)"}}, {"model": "registros.registrodetalle", "pk": 408, "fields": {"fechaCreacion": "2026-03-30T10:38:01.131", "fechaHoraInicio": "2025-11-13T16:00:00", "fechaHoraFin": "2025-11-13T18:00:00", "registro": 26, "factura": null, "usuario": 1, "comentario": "Sesión importada de Excel (Tutor)"}}, {"model": "registros.registrodetalle", "pk": 409, "fields": {"fechaCreacion": "2026-03-30T10:38:01.131", "fechaHoraInicio": "2025-11-18T16:00:00", "fechaHoraFin": "2025-11-18T18:00:00", "registro": 26, "factura": null, "usuario": 1, "comentario": "Sesión importada de Excel (Tutor)"}}, {"model": "registros.registrodetalle", "pk": 410, "fields": {"fechaCreacion": "2026-03-30T10:38:01.132", "fechaHoraInicio": "2025-11-20T16:00:00", "fechaHoraFin": "2025-11-20T18:00:00", "registro": 26, "factura": null, "usuario": 1, "comentario": "Sesión importada de Excel (Tutor)"}}, {"model": "registros.registrodetalle", "pk": 411, "fields": {"fechaCreacion": "2026-03-30T10:38:01.132", "fechaHoraInicio": "2025-11-25T16:00:00", "fechaHoraFin": "2025-11-25T18:00:00", "registro": 26, "factura": null, "usuario": 1, "comentario": "Sesión importada de Excel (Tutor)"}}, {"model": "registros.registrodetalle", "pk": 412, "fields": {"fechaCreacion": "2026-03-30T10:38:01.133", "fechaHoraInicio": "2025-12-02T16:00:00", "fechaHoraFin": "2025-12-02T18:00:00", "registro": 26, "factura": null, "usuario": 1, "comentario": "Sesión importada de Excel (Tutor)"}}, {"model": "registros.registrodetalle", "pk": 413, "fields": {"fechaCreacion": "2026-03-30T10:38:01.133", "fechaHoraInicio": "2025-12-04T16:00:00", "fechaHoraFin": "2025-12-04T18:00:00", "registro": 26, "factura": null, "usuario": 1, "comentario": "Sesión importada de Excel (Tutor)"}}, {"model": "registros.registrodetalle", "pk": 414, "fields": {"fechaCreacion": "2026-03-30T10:38:01.133", "fechaHoraInicio": "2025-12-09T16:00:00", "fechaHoraFin": "2025-12-09T18:00:00", "registro": 26, "factura": null, "usuario": 1, "comentario": "Sesión importada de Excel (Tutor)"}}, {"model": "registros.registrodetalle", "pk": 415, "fields": {"fechaCreacion": "2026-03-30T10:38:01.134", "fechaHoraInicio": "2025-12-11T16:00:00", "fechaHoraFin": "2025-12-11T18:00:00", "registro": 26, "factura": null, "usuario": 1, "comentario": "Sesión importada de Excel (Tutor)"}}, {"model": "registros.registrodetalle", "pk": 416, "fields": {"fechaCreacion": "2026-03-30T10:38:01.134", "fechaHoraInicio": "2025-12-16T16:00:00", "fechaHoraFin": "2025-12-16T18:00:00", "registro": 26, "factura": null, "usuario": 1, "comentario": "Sesión importada de Excel (Tutor)"}}, {"model": "registros.registrodetalle", "pk": 417, "fields": {"fechaCreacion": "2026-03-30T10:38:01.135", "fechaHoraInicio": "2025-12-18T16:00:00", "fechaHoraFin": "2025-12-18T18:00:00", "registro": 26, "factura": null, "usuario": 1, "comentario": "Sesión importada de Excel (Tutor)"}}, {"model": "registros.registrodetalle", "pk": 418, "fields": {"fechaCreacion": "2026-03-30T10:38:01.135", "fechaHoraInicio": "2026-01-19T16:00:00", "fechaHoraFin": "2026-01-19T18:00:00", "registro": 26, "factura": null, "usuario": 1, "comentario": "Sesión importada de Excel (Tutor)"}}, {"model": "registros.registrodetalle", "pk": 419, "fields": {"fechaCreacion": "2026-03-30T10:38:01.135", "fechaHoraInicio": "2026-01-20T16:00:00", "fechaHoraFin": "2026-01-20T18:00:00", "registro": 26, "factura": null, "usuario": 1, "comentario": "Sesión importada de Excel (Tutor)"}}, {"model": "registros.registrodetalle", "pk": 420, "fields": {"fechaCreacion": "2026-03-30T10:38:01.136", "fechaHoraInicio": "2026-01-21T16:00:00", "fechaHoraFin": "2026-01-21T18:00:00", "registro": 26, "factura": null, "usuario": 1, "comentario": "Sesión importada de Excel (Tutor)"}}, {"model": "registros.registrodetalle", "pk": 421, "fields": {"fechaCreacion": "2026-03-30T10:38:01.136", "fechaHoraInicio": "2026-01-22T16:00:00", "fechaHoraFin": "2026-01-22T18:00:00", "registro": 26, "factura": null, "usuario": 1, "comentario": "Sesión importada de Excel (Tutor)"}}, {"model": "registros.registrodetalle", "pk": 422, "fields": {"fechaCreacion": "2026-03-30T10:38:01.136", "fechaHoraInicio": "2026-01-26T16:00:00", "fechaHoraFin": "2026-01-26T18:00:00", "registro": 26, "factura": null, "usuario": 1, "comentario": "Sesión importada de Excel (Tutor)"}}, {"model": "registros.registrodetalle", "pk": 423, "fields": {"fechaCreacion": "2026-03-30T10:38:01.137", "fechaHoraInicio": "2026-01-27T16:00:00", "fechaHoraFin": "2026-01-27T18:00:00", "registro": 26, "factura": null, "usuario": 1, "comentario": "Sesión importada de Excel (Tutor)"}}, {"model": "registros.registrodetalle", "pk": 424, "fields": {"fechaCreacion": "2026-03-30T10:38:01.137", "fechaHoraInicio": "2026-01-28T16:00:00", "fechaHoraFin": "2026-01-28T18:00:00", "registro": 26, "factura": null, "usuario": 1, "comentario": "Sesión importada de Excel (Tutor)"}}, {"model": "registros.registrodetalle", "pk": 425, "fields": {"fechaCreacion": "2026-03-30T10:38:01.138", "fechaHoraInicio": "2026-01-29T16:00:00", "fechaHoraFin": "2026-01-29T18:00:00", "registro": 26, "factura": null, "usuario": 1, "comentario": "Sesión importada de Excel (Tutor)"}}, {"model": "registros.registrodetalle", "pk": 426, "fields": {"fechaCreacion": "2026-03-30T10:38:01.138", "fechaHoraInicio": "2026-02-02T16:00:00", "fechaHoraFin": "2026-02-02T18:00:00", "registro": 26, "factura": null, "usuario": 1, "comentario": "Sesión importada de Excel (Tutor)"}}, {"model": "registros.registrodetalle", "pk": 427, "fields": {"fechaCreacion": "2026-03-30T10:38:01.138", "fechaHoraInicio": "2026-02-03T16:00:00", "fechaHoraFin": "2026-02-03T18:00:00", "registro": 26, "factura": null, "usuario": 1, "comentario": "Sesión importada de Excel (Tutor)"}}, {"model": "registros.registrodetalle", "pk": 428, "fields": {"fechaCreacion": "2026-03-30T10:38:01.139", "fechaHoraInicio": "2026-02-04T16:00:00", "fechaHoraFin": "2026-02-04T18:00:00", "registro": 26, "factura": null, "usuario": 1, "comentario": "Sesión importada de Excel (Tutor)"}}, {"model": "registros.registrodetalle", "pk": 429, "fields": {"fechaCreacion": "2026-03-30T10:38:01.139", "fechaHoraInicio": "2026-02-05T16:00:00", "fechaHoraFin": "2026-02-05T18:00:00", "registro": 26, "factura": null, "usuario": 1, "comentario": "Sesión importada de Excel (Tutor)"}}, {"model": "registros.registrodetalle", "pk": 430, "fields": {"fechaCreacion": "2026-03-30T10:38:01.140", "fechaHoraInicio": "2026-02-09T16:00:00", "fechaHoraFin": "2026-02-09T18:00:00", "registro": 26, "factura": null, "usuario": 1, "comentario": "Sesión importada de Excel (Tutor)"}}, {"model": "registros.registrodetalle", "pk": 431, "fields": {"fechaCreacion": "2026-03-30T10:38:01.140", "fechaHoraInicio": "2026-02-10T16:00:00", "fechaHoraFin": "2026-02-10T18:00:00", "registro": 26, "factura": null, "usuario": 1, "comentario": "Sesión importada de Excel (Tutor)"}}, {"model": "registros.registrodetalle", "pk": 432, "fields": {"fechaCreacion": "2026-03-30T10:38:01.140", "fechaHoraInicio": "2026-02-11T16:00:00", "fechaHoraFin": "2026-02-11T18:00:00", "registro": 26, "factura": null, "usuario": 1, "comentario": "Sesión importada de Excel (Tutor)"}}, {"model": "registros.registrodetalle", "pk": 433, "fields": {"fechaCreacion": "2026-03-30T10:38:01.141", "fechaHoraInicio": "2026-02-12T16:00:00", "fechaHoraFin": "2026-02-12T18:00:00", "registro": 26, "factura": null, "usuario": 1, "comentario": "Sesión importada de Excel (Tutor)"}}, {"model": "registros.registrodetalle", "pk": 434, "fields": {"fechaCreacion": "2026-03-30T10:38:01.141", "fechaHoraInicio": "2026-02-18T16:00:00", "fechaHoraFin": "2026-02-18T18:00:00", "registro": 26, "factura": null, "usuario": 1, "comentario": "Sesión importada de Excel (Tutor)"}}, {"model": "registros.registrodetalle", "pk": 435, "fields": {"fechaCreacion": "2026-03-30T10:38:01.141", "fechaHoraInicio": "2026-02-21T16:00:00", "fechaHoraFin": "2026-02-21T18:00:00", "registro": 26, "factura": null, "usuario": 1, "comentario": "Sesión importada de Excel (Tutor)"}}, {"model": "registros.registrodetalle", "pk": 436, "fields": {"fechaCreacion": "2026-03-30T10:38:01.142", "fechaHoraInicio": "2026-02-19T16:00:00", "fechaHoraFin": "2026-02-19T18:00:00", "registro": 27, "factura": null, "usuario": 1, "comentario": "Sesión importada de Excel (Mentor)"}}, {"model": "registros.registrodetalle", "pk": 437, "fields": {"fechaCreacion": "2026-03-30T10:38:01.143", "fechaHoraInicio": "2026-02-23T16:00:00", "fechaHoraFin": "2026-02-23T18:00:00", "registro": 27, "factura": null, "usuario": 1, "comentario": "Sesión importada de Excel (Mentor)"}}, {"model": "registros.registrodetalle", "pk": 438, "fields": {"fechaCreacion": "2026-03-30T10:38:01.143", "fechaHoraInicio": "2026-02-25T16:00:00", "fechaHoraFin": "2026-02-25T18:00:00", "registro": 27, "factura": null, "usuario": 1, "comentario": "Sesión importada de Excel (Mentor)"}}, {"model": "registros.registrodetalle", "pk": 439, "fields": {"fechaCreacion": "2026-03-30T10:38:01.143", "fechaHoraInicio": "2026-02-26T16:00:00", "fechaHoraFin": "2026-02-26T18:00:00", "registro": 27, "factura": null, "usuario": 1, "comentario": "Sesión importada de Excel (Mentor)"}}, {"model": "registros.registrodetalle", "pk": 440, "fields": {"fechaCreacion": "2026-03-30T10:38:01.144", "fechaHoraInicio": "2026-03-02T16:00:00", "fechaHoraFin": "2026-03-02T18:00:00", "registro": 27, "factura": null, "usuario": 1, "comentario": "Sesión importada de Excel (Mentor)"}}, {"model": "registros.registrodetalle", "pk": 441, "fields": {"fechaCreacion": "2026-03-30T10:38:01.144", "fechaHoraInicio": "2026-03-03T16:00:00", "fechaHoraFin": "2026-03-03T18:00:00", "registro": 27, "factura": null, "usuario": 1, "comentario": "Sesión importada de Excel (Mentor)"}}, {"model": "registros.registrodetalle", "pk": 442, "fields": {"fechaCreacion": "2026-03-30T10:38:01.145", "fechaHoraInicio": "2026-03-04T16:00:00", "fechaHoraFin": "2026-03-04T18:00:00", "registro": 27, "factura": null, "usuario": 1, "comentario": "Sesión importada de Excel (Mentor)"}}, {"model": "registros.registrodetalle", "pk": 443, "fields": {"fechaCreacion": "2026-03-30T10:38:01.145", "fechaHoraInicio": "2026-03-05T16:00:00", "fechaHoraFin": "2026-03-05T18:00:00", "registro": 27, "factura": null, "usuario": 1, "comentario": "Sesión importada de Excel (Mentor)"}}, {"model": "registros.registrodetalle", "pk": 444, "fields": {"fechaCreacion": "2026-03-30T10:38:01.146", "fechaHoraInicio": "2026-03-09T16:00:00", "fechaHoraFin": "2026-03-09T18:00:00", "registro": 27, "factura": null, "usuario": 1, "comentario": "Sesión importada de Excel (Mentor)"}}, {"model": "registros.registrodetalle", "pk": 445, "fields": {"fechaCreacion": "2026-03-30T10:38:01.146", "fechaHoraInicio": "2026-03-10T16:00:00", "fechaHoraFin": "2026-03-10T18:00:00", "registro": 27, "factura": null, "usuario": 1, "comentario": "Sesión importada de Excel (Mentor)"}}, {"model": "registros.registrodetalle", "pk": 446, "fields": {"fechaCreacion": "2026-03-30T10:38:01.147", "fechaHoraInicio": "2026-03-11T16:00:00", "fechaHoraFin": "2026-03-11T18:00:00", "registro": 27, "factura": null, "usuario": 1, "comentario": "Sesión importada de Excel (Mentor)"}}, {"model": "registros.registrodetalle", "pk": 447, "fields": {"fechaCreacion": "2026-03-30T10:38:01.147", "fechaHoraInicio": "2026-03-12T16:00:00", "fechaHoraFin": "2026-03-12T18:00:00", "registro": 27, "factura": null, "usuario": 1, "comentario": "Sesión importada de Excel (Mentor)"}}, {"model": "registros.registrodetalle", "pk": 448, "fields": {"fechaCreacion": "2026-03-30T10:38:01.147", "fechaHoraInicio": "2026-03-16T16:00:00", "fechaHoraFin": "2026-03-16T18:00:00", "registro": 27, "factura": null, "usuario": 1, "comentario": "Sesión importada de Excel (Mentor)"}}, {"model": "registros.registrodetalle", "pk": 449, "fields": {"fechaCreacion": "2026-03-30T10:38:01.148", "fechaHoraInicio": "2026-03-17T16:00:00", "fechaHoraFin": "2026-03-17T18:00:00", "registro": 27, "factura": null, "usuario": 1, "comentario": "Sesión importada de Excel (Mentor)"}}, {"model": "registros.registrodetalle", "pk": 450, "fields": {"fechaCreacion": "2026-03-30T10:38:01.148", "fechaHoraInicio": "2026-03-18T16:00:00", "fechaHoraFin": "2026-03-18T18:00:00", "registro": 27, "factura": null, "usuario": 1, "comentario": "Sesión importada de Excel (Mentor)"}}, {"model": "registros.registrodetalle", "pk": 451, "fields": {"fechaCreacion": "2026-03-30T10:38:01.149", "fechaHoraInicio": "2026-03-19T16:00:00", "fechaHoraFin": "2026-03-19T18:00:00", "registro": 27, "factura": null, "usuario": 1, "comentario": "Sesión importada de Excel (Mentor)"}}, {"model": "registros.registrodetalle", "pk": 452, "fields": {"fechaCreacion": "2026-03-30T10:38:01.149", "fechaHoraInicio": "2026-03-24T16:00:00", "fechaHoraFin": "2026-03-24T18:00:00", "registro": 27, "factura": null, "usuario": 1, "comentario": "Sesión importada de Excel (Mentor)"}}, {"model": "registros.registrodetalle", "pk": 453, "fields": {"fechaCreacion": "2026-03-30T10:38:01.149", "fechaHoraInicio": "2026-03-25T16:00:00", "fechaHoraFin": "2026-03-25T18:00:00", "registro": 27, "factura": null, "usuario": 1, "comentario": "Sesión importada de Excel (Mentor)"}}, {"model": "registros.registrodetalle", "pk": 454, "fields": {"fechaCreacion": "2026-03-30T10:38:01.150", "fechaHoraInicio": "2026-03-26T16:00:00", "fechaHoraFin": "2026-03-26T18:00:00", "registro": 27, "factura": null, "usuario": 1, "comentario": "Sesión importada de Excel (Mentor)"}}, {"model": "registros.registrodetalle", "pk": 455, "fields": {"fechaCreacion": "2026-03-30T10:38:01.151", "fechaHoraInicio": "2025-11-29T08:30:00", "fechaHoraFin": "2025-11-29T13:30:00", "registro": 28, "factura": null, "usuario": 1, "comentario": "Sesión importada de Excel (Consejero)"}}, {"model": "registros.registrodetalle", "pk": 456, "fields": {"fechaCreacion": "2026-03-30T10:38:01.151", "fechaHoraInicio": "2026-03-13T08:30:00", "fechaHoraFin": "2026-03-13T13:30:00", "registro": 28, "factura": null, "usuario": 1, "comentario": "Sesión importada de Excel (Consejero)"}}, {"model": "registros.registrodetalle", "pk": 457, "fields": {"fechaCreacion": "2026-03-30T10:38:01.155", "fechaHoraInicio": "2025-11-13T16:00:00", "fechaHoraFin": "2025-11-13T18:00:00", "registro": 29, "factura": null, "usuario": 1, "comentario": "Sesión importada de Excel (Tutor)"}}, {"model": "registros.registrodetalle", "pk": 458, "fields": {"fechaCreacion": "2026-03-30T10:38:01.156", "fechaHoraInicio": "2025-11-18T16:00:00", "fechaHoraFin": "2025-11-18T18:00:00", "registro": 29, "factura": null, "usuario": 1, "comentario": "Sesión importada de Excel (Tutor)"}}, {"model": "registros.registrodetalle", "pk": 459, "fields": {"fechaCreacion": "2026-03-30T10:38:01.156", "fechaHoraInicio": "2025-11-20T16:00:00", "fechaHoraFin": "2025-11-20T18:00:00", "registro": 29, "factura": null, "usuario": 1, "comentario": "Sesión importada de Excel (Tutor)"}}, {"model": "registros.registrodetalle", "pk": 460, "fields": {"fechaCreacion": "2026-03-30T10:38:01.156", "fechaHoraInicio": "2025-11-25T16:00:00", "fechaHoraFin": "2025-11-25T18:00:00", "registro": 29, "factura": null, "usuario": 1, "comentario": "Sesión importada de Excel (Tutor)"}}, {"model": "registros.registrodetalle", "pk": 461, "fields": {"fechaCreacion": "2026-03-30T10:38:01.157", "fechaHoraInicio": "2025-12-02T16:00:00", "fechaHoraFin": "2025-12-02T18:00:00", "registro": 29, "factura": null, "usuario": 1, "comentario": "Sesión importada de Excel (Tutor)"}}, {"model": "registros.registrodetalle", "pk": 462, "fields": {"fechaCreacion": "2026-03-30T10:38:01.157", "fechaHoraInicio": "2025-12-04T16:00:00", "fechaHoraFin": "2025-12-04T18:00:00", "registro": 29, "factura": null, "usuario": 1, "comentario": "Sesión importada de Excel (Tutor)"}}, {"model": "registros.registrodetalle", "pk": 463, "fields": {"fechaCreacion": "2026-03-30T10:38:01.158", "fechaHoraInicio": "2025-12-09T16:00:00", "fechaHoraFin": "2025-12-09T18:00:00", "registro": 29, "factura": null, "usuario": 1, "comentario": "Sesión importada de Excel (Tutor)"}}, {"model": "registros.registrodetalle", "pk": 464, "fields": {"fechaCreacion": "2026-03-30T10:38:01.158", "fechaHoraInicio": "2025-12-11T16:00:00", "fechaHoraFin": "2025-12-11T18:00:00", "registro": 29, "factura": null, "usuario": 1, "comentario": "Sesión importada de Excel (Tutor)"}}, {"model": "registros.registrodetalle", "pk": 465, "fields": {"fechaCreacion": "2026-03-30T10:38:01.158", "fechaHoraInicio": "2025-12-16T16:00:00", "fechaHoraFin": "2025-12-16T18:00:00", "registro": 29, "factura": null, "usuario": 1, "comentario": "Sesión importada de Excel (Tutor)"}}, {"model": "registros.registrodetalle", "pk": 466, "fields": {"fechaCreacion": "2026-03-30T10:38:01.159", "fechaHoraInicio": "2025-12-18T16:00:00", "fechaHoraFin": "2025-12-18T18:00:00", "registro": 29, "factura": null, "usuario": 1, "comentario": "Sesión importada de Excel (Tutor)"}}, {"model": "registros.registrodetalle", "pk": 467, "fields": {"fechaCreacion": "2026-03-30T10:38:01.159", "fechaHoraInicio": "2026-01-19T16:00:00", "fechaHoraFin": "2026-01-19T18:00:00", "registro": 29, "factura": null, "usuario": 1, "comentario": "Sesión importada de Excel (Tutor)"}}, {"model": "registros.registrodetalle", "pk": 468, "fields": {"fechaCreacion": "2026-03-30T10:38:01.160", "fechaHoraInicio": "2026-01-20T16:00:00", "fechaHoraFin": "2026-01-20T18:00:00", "registro": 29, "factura": null, "usuario": 1, "comentario": "Sesión importada de Excel (Tutor)"}}, {"model": "registros.registrodetalle", "pk": 469, "fields": {"fechaCreacion": "2026-03-30T10:38:01.160", "fechaHoraInicio": "2026-01-21T16:00:00", "fechaHoraFin": "2026-01-21T18:00:00", "registro": 29, "factura": null, "usuario": 1, "comentario": "Sesión importada de Excel (Tutor)"}}, {"model": "registros.registrodetalle", "pk": 470, "fields": {"fechaCreacion": "2026-03-30T10:38:01.160", "fechaHoraInicio": "2026-01-22T16:00:00", "fechaHoraFin": "2026-01-22T18:00:00", "registro": 29, "factura": null, "usuario": 1, "comentario": "Sesión importada de Excel (Tutor)"}}, {"model": "registros.registrodetalle", "pk": 471, "fields": {"fechaCreacion": "2026-03-30T10:38:01.161", "fechaHoraInicio": "2026-01-26T16:00:00", "fechaHoraFin": "2026-01-26T18:00:00", "registro": 29, "factura": null, "usuario": 1, "comentario": "Sesión importada de Excel (Tutor)"}}, {"model": "registros.registrodetalle", "pk": 472, "fields": {"fechaCreacion": "2026-03-30T10:38:01.162", "fechaHoraInicio": "2026-01-27T16:00:00", "fechaHoraFin": "2026-01-27T18:00:00", "registro": 29, "factura": null, "usuario": 1, "comentario": "Sesión importada de Excel (Tutor)"}}, {"model": "registros.registrodetalle", "pk": 473, "fields": {"fechaCreacion": "2026-03-30T10:38:01.162", "fechaHoraInicio": "2026-01-28T16:00:00", "fechaHoraFin": "2026-01-28T18:00:00", "registro": 29, "factura": null, "usuario": 1, "comentario": "Sesión importada de Excel (Tutor)"}}, {"model": "registros.registrodetalle", "pk": 474, "fields": {"fechaCreacion": "2026-03-30T10:38:01.162", "fechaHoraInicio": "2026-01-29T16:00:00", "fechaHoraFin": "2026-01-29T18:00:00", "registro": 29, "factura": null, "usuario": 1, "comentario": "Sesión importada de Excel (Tutor)"}}, {"model": "registros.registrodetalle", "pk": 475, "fields": {"fechaCreacion": "2026-03-30T10:38:01.163", "fechaHoraInicio": "2026-02-02T16:00:00", "fechaHoraFin": "2026-02-02T18:00:00", "registro": 29, "factura": null, "usuario": 1, "comentario": "Sesión importada de Excel (Tutor)"}}, {"model": "registros.registrodetalle", "pk": 476, "fields": {"fechaCreacion": "2026-03-30T10:38:01.163", "fechaHoraInicio": "2026-02-03T16:00:00", "fechaHoraFin": "2026-02-03T18:00:00", "registro": 29, "factura": null, "usuario": 1, "comentario": "Sesión importada de Excel (Tutor)"}}, {"model": "registros.registrodetalle", "pk": 477, "fields": {"fechaCreacion": "2026-03-30T10:38:01.164", "fechaHoraInicio": "2026-02-04T16:00:00", "fechaHoraFin": "2026-02-04T18:00:00", "registro": 29, "factura": null, "usuario": 1, "comentario": "Sesión importada de Excel (Tutor)"}}, {"model": "registros.registrodetalle", "pk": 478, "fields": {"fechaCreacion": "2026-03-30T10:38:01.164", "fechaHoraInicio": "2026-02-05T16:00:00", "fechaHoraFin": "2026-02-05T18:00:00", "registro": 29, "factura": null, "usuario": 1, "comentario": "Sesión importada de Excel (Tutor)"}}, {"model": "registros.registrodetalle", "pk": 479, "fields": {"fechaCreacion": "2026-03-30T10:38:01.164", "fechaHoraInicio": "2026-02-09T16:00:00", "fechaHoraFin": "2026-02-09T18:00:00", "registro": 29, "factura": null, "usuario": 1, "comentario": "Sesión importada de Excel (Tutor)"}}, {"model": "registros.registrodetalle", "pk": 480, "fields": {"fechaCreacion": "2026-03-30T10:38:01.165", "fechaHoraInicio": "2026-02-10T16:00:00", "fechaHoraFin": "2026-02-10T18:00:00", "registro": 29, "factura": null, "usuario": 1, "comentario": "Sesión importada de Excel (Tutor)"}}, {"model": "registros.registrodetalle", "pk": 481, "fields": {"fechaCreacion": "2026-03-30T10:38:01.165", "fechaHoraInicio": "2026-02-11T16:00:00", "fechaHoraFin": "2026-02-11T18:00:00", "registro": 29, "factura": null, "usuario": 1, "comentario": "Sesión importada de Excel (Tutor)"}}, {"model": "registros.registrodetalle", "pk": 482, "fields": {"fechaCreacion": "2026-03-30T10:38:01.166", "fechaHoraInicio": "2026-02-12T16:00:00", "fechaHoraFin": "2026-02-12T18:00:00", "registro": 29, "factura": null, "usuario": 1, "comentario": "Sesión importada de Excel (Tutor)"}}, {"model": "registros.registrodetalle", "pk": 483, "fields": {"fechaCreacion": "2026-03-30T10:38:01.166", "fechaHoraInicio": "2026-02-16T16:00:00", "fechaHoraFin": "2026-02-16T18:00:00", "registro": 29, "factura": null, "usuario": 1, "comentario": "Sesión importada de Excel (Tutor)"}}, {"model": "registros.registrodetalle", "pk": 484, "fields": {"fechaCreacion": "2026-03-30T10:38:01.166", "fechaHoraInicio": "2026-02-17T16:00:00", "fechaHoraFin": "2026-02-17T18:00:00", "registro": 29, "factura": null, "usuario": 1, "comentario": "Sesión importada de Excel (Tutor)"}}, {"model": "registros.registrodetalle", "pk": 485, "fields": {"fechaCreacion": "2026-03-30T10:38:01.167", "fechaHoraInicio": "2026-02-19T16:00:00", "fechaHoraFin": "2026-02-19T18:00:00", "registro": 30, "factura": null, "usuario": 1, "comentario": "Sesión importada de Excel (Mentor)"}}, {"model": "registros.registrodetalle", "pk": 486, "fields": {"fechaCreacion": "2026-03-30T10:38:01.168", "fechaHoraInicio": "2026-02-23T16:00:00", "fechaHoraFin": "2026-02-23T18:00:00", "registro": 30, "factura": null, "usuario": 1, "comentario": "Sesión importada de Excel (Mentor)"}}, {"model": "registros.registrodetalle", "pk": 487, "fields": {"fechaCreacion": "2026-03-30T10:38:01.168", "fechaHoraInicio": "2026-02-24T16:00:00", "fechaHoraFin": "2026-02-24T18:00:00", "registro": 30, "factura": null, "usuario": 1, "comentario": "Sesión importada de Excel (Mentor)"}}, {"model": "registros.registrodetalle", "pk": 488, "fields": {"fechaCreacion": "2026-03-30T10:38:01.168", "fechaHoraInicio": "2026-02-25T16:00:00", "fechaHoraFin": "2026-02-25T18:00:00", "registro": 30, "factura": null, "usuario": 1, "comentario": "Sesión importada de Excel (Mentor)"}}, {"model": "registros.registrodetalle", "pk": 489, "fields": {"fechaCreacion": "2026-03-30T10:38:01.169", "fechaHoraInicio": "2026-02-26T16:00:00", "fechaHoraFin": "2026-02-26T18:00:00", "registro": 30, "factura": null, "usuario": 1, "comentario": "Sesión importada de Excel (Mentor)"}}, {"model": "registros.registrodetalle", "pk": 490, "fields": {"fechaCreacion": "2026-03-30T10:38:01.169", "fechaHoraInicio": "2026-03-02T16:00:00", "fechaHoraFin": "2026-03-02T18:00:00", "registro": 30, "factura": null, "usuario": 1, "comentario": "Sesión importada de Excel (Mentor)"}}, {"model": "registros.registrodetalle", "pk": 491, "fields": {"fechaCreacion": "2026-03-30T10:38:01.169", "fechaHoraInicio": "2026-03-03T16:00:00", "fechaHoraFin": "2026-03-03T18:00:00", "registro": 30, "factura": null, "usuario": 1, "comentario": "Sesión importada de Excel (Mentor)"}}, {"model": "registros.registrodetalle", "pk": 492, "fields": {"fechaCreacion": "2026-03-30T10:38:01.170", "fechaHoraInicio": "2026-03-04T16:00:00", "fechaHoraFin": "2026-03-04T18:00:00", "registro": 30, "factura": null, "usuario": 1, "comentario": "Sesión importada de Excel (Mentor)"}}, {"model": "registros.registrodetalle", "pk": 493, "fields": {"fechaCreacion": "2026-03-30T10:38:01.170", "fechaHoraInicio": "2026-03-05T16:00:00", "fechaHoraFin": "2026-03-05T18:00:00", "registro": 30, "factura": null, "usuario": 1, "comentario": "Sesión importada de Excel (Mentor)"}}, {"model": "registros.registrodetalle", "pk": 494, "fields": {"fechaCreacion": "2026-03-30T10:38:01.171", "fechaHoraInicio": "2026-03-09T16:00:00", "fechaHoraFin": "2026-03-09T18:00:00", "registro": 30, "factura": null, "usuario": 1, "comentario": "Sesión importada de Excel (Mentor)"}}, {"model": "registros.registrodetalle", "pk": 495, "fields": {"fechaCreacion": "2026-03-30T10:38:01.171", "fechaHoraInicio": "2026-03-10T16:00:00", "fechaHoraFin": "2026-03-10T18:00:00", "registro": 30, "factura": null, "usuario": 1, "comentario": "Sesión importada de Excel (Mentor)"}}, {"model": "registros.registrodetalle", "pk": 496, "fields": {"fechaCreacion": "2026-03-30T10:38:01.171", "fechaHoraInicio": "2026-03-11T16:00:00", "fechaHoraFin": "2026-03-11T18:00:00", "registro": 30, "factura": null, "usuario": 1, "comentario": "Sesión importada de Excel (Mentor)"}}, {"model": "registros.registrodetalle", "pk": 497, "fields": {"fechaCreacion": "2026-03-30T10:38:01.172", "fechaHoraInicio": "2026-03-12T16:00:00", "fechaHoraFin": "2026-03-12T18:00:00", "registro": 30, "factura": null, "usuario": 1, "comentario": "Sesión importada de Excel (Mentor)"}}, {"model": "registros.registrodetalle", "pk": 498, "fields": {"fechaCreacion": "2026-03-30T10:38:01.172", "fechaHoraInicio": "2026-03-17T16:00:00", "fechaHoraFin": "2026-03-17T18:00:00", "registro": 30, "factura": null, "usuario": 1, "comentario": "Sesión importada de Excel (Mentor)"}}, {"model": "registros.registrodetalle", "pk": 499, "fields": {"fechaCreacion": "2026-03-30T10:38:01.172", "fechaHoraInicio": "2026-03-18T16:00:00", "fechaHoraFin": "2026-03-18T18:00:00", "registro": 30, "factura": null, "usuario": 1, "comentario": "Sesión importada de Excel (Mentor)"}}, {"model": "registros.registrodetalle", "pk": 500, "fields": {"fechaCreacion": "2026-03-30T10:38:01.173", "fechaHoraInicio": "2026-03-19T16:00:00", "fechaHoraFin": "2026-03-19T18:00:00", "registro": 30, "factura": null, "usuario": 1, "comentario": "Sesión importada de Excel (Mentor)"}}, {"model": "registros.registrodetalle", "pk": 501, "fields": {"fechaCreacion": "2026-03-30T10:38:01.173", "fechaHoraInicio": "2026-03-23T16:00:00", "fechaHoraFin": "2026-03-23T18:00:00", "registro": 30, "factura": null, "usuario": 1, "comentario": "Sesión importada de Excel (Mentor)"}}, {"model": "registros.registrodetalle", "pk": 502, "fields": {"fechaCreacion": "2026-03-30T10:38:01.174", "fechaHoraInicio": "2026-03-24T16:00:00", "fechaHoraFin": "2026-03-24T18:00:00", "registro": 30, "factura": null, "usuario": 1, "comentario": "Sesión importada de Excel (Mentor)"}}, {"model": "registros.registrodetalle", "pk": 503, "fields": {"fechaCreacion": "2026-03-30T10:38:01.174", "fechaHoraInicio": "2026-03-26T16:00:00", "fechaHoraFin": "2026-03-26T18:00:00", "registro": 30, "factura": null, "usuario": 1, "comentario": "Sesión importada de Excel (Mentor)"}}, {"model": "registros.registrodetalle", "pk": 504, "fields": {"fechaCreacion": "2026-03-30T10:38:01.175", "fechaHoraInicio": "2025-11-15T08:30:00", "fechaHoraFin": "2025-11-15T13:30:00", "registro": 31, "factura": null, "usuario": 1, "comentario": "Sesión importada de Excel (Consejero)"}}, {"model": "registros.registrodetalle", "pk": 505, "fields": {"fechaCreacion": "2026-03-30T10:38:01.175", "fechaHoraInicio": "2025-11-29T08:30:00", "fechaHoraFin": "2025-11-29T13:30:00", "registro": 31, "factura": null, "usuario": 1, "comentario": "Sesión importada de Excel (Consejero)"}}, {"model": "registros.registrodetalle", "pk": 506, "fields": {"fechaCreacion": "2026-03-30T10:38:01.176", "fechaHoraInicio": "2025-12-20T08:30:00", "fechaHoraFin": "2025-12-20T13:30:00", "registro": 31, "factura": null, "usuario": 1, "comentario": "Sesión importada de Excel (Consejero)"}}, {"model": "registros.registrodetalle", "pk": 507, "fields": {"fechaCreacion": "2026-03-30T10:38:01.176", "fechaHoraInicio": "2025-12-22T08:30:00", "fechaHoraFin": "2025-12-22T13:30:00", "registro": 31, "factura": null, "usuario": 1, "comentario": "Sesión importada de Excel (Consejero)"}}, {"model": "registros.registrodetalle", "pk": 508, "fields": {"fechaCreacion": "2026-03-30T10:38:01.547", "fechaHoraInicio": "2025-11-13T16:00:00", "fechaHoraFin": "2025-11-13T18:00:00", "registro": 32, "factura": null, "usuario": 1, "comentario": "Sesión importada de Excel (Tutor)"}}, {"model": "registros.registrodetalle", "pk": 509, "fields": {"fechaCreacion": "2026-03-30T10:38:01.548", "fechaHoraInicio": "2025-11-18T16:00:00", "fechaHoraFin": "2025-11-18T18:00:00", "registro": 32, "factura": null, "usuario": 1, "comentario": "Sesión importada de Excel (Tutor)"}}, {"model": "registros.registrodetalle", "pk": 510, "fields": {"fechaCreacion": "2026-03-30T10:38:01.548", "fechaHoraInicio": "2025-11-28T16:00:00", "fechaHoraFin": "2025-11-28T18:00:00", "registro": 32, "factura": null, "usuario": 1, "comentario": "Sesión importada de Excel (Tutor)"}}, {"model": "registros.registrodetalle", "pk": 511, "fields": {"fechaCreacion": "2026-03-30T10:38:01.548", "fechaHoraInicio": "2025-11-25T16:00:00", "fechaHoraFin": "2025-11-25T18:00:00", "registro": 32, "factura": null, "usuario": 1, "comentario": "Sesión importada de Excel (Tutor)"}}, {"model": "registros.registrodetalle", "pk": 512, "fields": {"fechaCreacion": "2026-03-30T10:38:01.549", "fechaHoraInicio": "2025-12-02T16:00:00", "fechaHoraFin": "2025-12-02T18:00:00", "registro": 32, "factura": null, "usuario": 1, "comentario": "Sesión importada de Excel (Tutor)"}}, {"model": "registros.registrodetalle", "pk": 513, "fields": {"fechaCreacion": "2026-03-30T10:38:01.549", "fechaHoraInicio": "2025-12-04T16:00:00", "fechaHoraFin": "2025-12-04T18:00:00", "registro": 32, "factura": null, "usuario": 1, "comentario": "Sesión importada de Excel (Tutor)"}}, {"model": "registros.registrodetalle", "pk": 514, "fields": {"fechaCreacion": "2026-03-30T10:38:01.550", "fechaHoraInicio": "2025-12-09T16:00:00", "fechaHoraFin": "2025-12-09T18:00:00", "registro": 32, "factura": null, "usuario": 1, "comentario": "Sesión importada de Excel (Tutor)"}}, {"model": "registros.registrodetalle", "pk": 515, "fields": {"fechaCreacion": "2026-03-30T10:38:01.550", "fechaHoraInicio": "2025-12-11T16:00:00", "fechaHoraFin": "2025-12-11T18:00:00", "registro": 32, "factura": null, "usuario": 1, "comentario": "Sesión importada de Excel (Tutor)"}}, {"model": "registros.registrodetalle", "pk": 516, "fields": {"fechaCreacion": "2026-03-30T10:38:01.550", "fechaHoraInicio": "2025-12-16T16:00:00", "fechaHoraFin": "2025-12-16T18:00:00", "registro": 32, "factura": null, "usuario": 1, "comentario": "Sesión importada de Excel (Tutor)"}}, {"model": "registros.registrodetalle", "pk": 517, "fields": {"fechaCreacion": "2026-03-30T10:38:01.551", "fechaHoraInicio": "2025-12-18T16:00:00", "fechaHoraFin": "2025-12-18T18:00:00", "registro": 32, "factura": null, "usuario": 1, "comentario": "Sesión importada de Excel (Tutor)"}}, {"model": "registros.registrodetalle", "pk": 518, "fields": {"fechaCreacion": "2026-03-30T10:38:01.551", "fechaHoraInicio": "2026-01-19T16:00:00", "fechaHoraFin": "2026-01-19T18:00:00", "registro": 32, "factura": null, "usuario": 1, "comentario": "Sesión importada de Excel (Tutor)"}}, {"model": "registros.registrodetalle", "pk": 519, "fields": {"fechaCreacion": "2026-03-30T10:38:01.552", "fechaHoraInicio": "2026-01-20T16:00:00", "fechaHoraFin": "2026-01-20T18:00:00", "registro": 32, "factura": null, "usuario": 1, "comentario": "Sesión importada de Excel (Tutor)"}}, {"model": "registros.registrodetalle", "pk": 520, "fields": {"fechaCreacion": "2026-03-30T10:38:01.552", "fechaHoraInicio": "2026-01-21T16:00:00", "fechaHoraFin": "2026-01-21T18:00:00", "registro": 32, "factura": null, "usuario": 1, "comentario": "Sesión importada de Excel (Tutor)"}}, {"model": "registros.registrodetalle", "pk": 521, "fields": {"fechaCreacion": "2026-03-30T10:38:01.552", "fechaHoraInicio": "2026-01-22T16:00:00", "fechaHoraFin": "2026-01-22T18:00:00", "registro": 32, "factura": null, "usuario": 1, "comentario": "Sesión importada de Excel (Tutor)"}}, {"model": "registros.registrodetalle", "pk": 522, "fields": {"fechaCreacion": "2026-03-30T10:38:01.553", "fechaHoraInicio": "2026-01-26T16:00:00", "fechaHoraFin": "2026-01-26T18:00:00", "registro": 32, "factura": null, "usuario": 1, "comentario": "Sesión importada de Excel (Tutor)"}}, {"model": "registros.registrodetalle", "pk": 523, "fields": {"fechaCreacion": "2026-03-30T10:38:01.553", "fechaHoraInicio": "2026-01-27T16:00:00", "fechaHoraFin": "2026-01-27T18:00:00", "registro": 32, "factura": null, "usuario": 1, "comentario": "Sesión importada de Excel (Tutor)"}}, {"model": "registros.registrodetalle", "pk": 524, "fields": {"fechaCreacion": "2026-03-30T10:38:01.553", "fechaHoraInicio": "2026-01-28T16:00:00", "fechaHoraFin": "2026-01-28T18:00:00", "registro": 32, "factura": null, "usuario": 1, "comentario": "Sesión importada de Excel (Tutor)"}}, {"model": "registros.registrodetalle", "pk": 525, "fields": {"fechaCreacion": "2026-03-30T10:38:01.554", "fechaHoraInicio": "2026-01-29T16:00:00", "fechaHoraFin": "2026-01-29T18:00:00", "registro": 32, "factura": null, "usuario": 1, "comentario": "Sesión importada de Excel (Tutor)"}}, {"model": "registros.registrodetalle", "pk": 526, "fields": {"fechaCreacion": "2026-03-30T10:38:01.554", "fechaHoraInicio": "2026-02-02T16:00:00", "fechaHoraFin": "2026-02-02T18:00:00", "registro": 32, "factura": null, "usuario": 1, "comentario": "Sesión importada de Excel (Tutor)"}}, {"model": "registros.registrodetalle", "pk": 527, "fields": {"fechaCreacion": "2026-03-30T10:38:01.555", "fechaHoraInicio": "2026-02-03T16:00:00", "fechaHoraFin": "2026-02-03T18:00:00", "registro": 32, "factura": null, "usuario": 1, "comentario": "Sesión importada de Excel (Tutor)"}}, {"model": "registros.registrodetalle", "pk": 528, "fields": {"fechaCreacion": "2026-03-30T10:38:01.555", "fechaHoraInicio": "2026-02-04T16:00:00", "fechaHoraFin": "2026-02-04T18:00:00", "registro": 32, "factura": null, "usuario": 1, "comentario": "Sesión importada de Excel (Tutor)"}}, {"model": "registros.registrodetalle", "pk": 529, "fields": {"fechaCreacion": "2026-03-30T10:38:01.555", "fechaHoraInicio": "2026-02-05T16:00:00", "fechaHoraFin": "2026-02-05T18:00:00", "registro": 32, "factura": null, "usuario": 1, "comentario": "Sesión importada de Excel (Tutor)"}}, {"model": "registros.registrodetalle", "pk": 530, "fields": {"fechaCreacion": "2026-03-30T10:38:01.556", "fechaHoraInicio": "2026-02-09T16:00:00", "fechaHoraFin": "2026-02-09T18:00:00", "registro": 32, "factura": null, "usuario": 1, "comentario": "Sesión importada de Excel (Tutor)"}}, {"model": "registros.registrodetalle", "pk": 531, "fields": {"fechaCreacion": "2026-03-30T10:38:01.556", "fechaHoraInicio": "2026-02-10T16:00:00", "fechaHoraFin": "2026-02-10T18:00:00", "registro": 32, "factura": null, "usuario": 1, "comentario": "Sesión importada de Excel (Tutor)"}}, {"model": "registros.registrodetalle", "pk": 532, "fields": {"fechaCreacion": "2026-03-30T10:38:01.556", "fechaHoraInicio": "2026-02-11T16:00:00", "fechaHoraFin": "2026-02-11T18:00:00", "registro": 32, "factura": null, "usuario": 1, "comentario": "Sesión importada de Excel (Tutor)"}}, {"model": "registros.registrodetalle", "pk": 533, "fields": {"fechaCreacion": "2026-03-30T10:38:01.557", "fechaHoraInicio": "2026-02-12T16:00:00", "fechaHoraFin": "2026-02-12T18:00:00", "registro": 32, "factura": null, "usuario": 1, "comentario": "Sesión importada de Excel (Tutor)"}}, {"model": "registros.registrodetalle", "pk": 534, "fields": {"fechaCreacion": "2026-03-30T10:38:01.557", "fechaHoraInicio": "2026-02-16T16:00:00", "fechaHoraFin": "2026-02-16T18:00:00", "registro": 32, "factura": null, "usuario": 1, "comentario": "Sesión importada de Excel (Tutor)"}}, {"model": "registros.registrodetalle", "pk": 535, "fields": {"fechaCreacion": "2026-03-30T10:38:01.558", "fechaHoraInicio": "2026-02-17T16:00:00", "fechaHoraFin": "2026-02-17T18:00:00", "registro": 32, "factura": null, "usuario": 1, "comentario": "Sesión importada de Excel (Tutor)"}}, {"model": "registros.registrodetalle", "pk": 536, "fields": {"fechaCreacion": "2026-03-30T10:38:01.559", "fechaHoraInicio": "2026-02-19T16:00:00", "fechaHoraFin": "2026-02-19T18:00:00", "registro": 33, "factura": null, "usuario": 1, "comentario": "Sesión importada de Excel (Mentor)"}}, {"model": "registros.registrodetalle", "pk": 537, "fields": {"fechaCreacion": "2026-03-30T10:38:01.559", "fechaHoraInicio": "2026-02-23T16:00:00", "fechaHoraFin": "2026-02-23T18:00:00", "registro": 33, "factura": null, "usuario": 1, "comentario": "Sesión importada de Excel (Mentor)"}}, {"model": "registros.registrodetalle", "pk": 538, "fields": {"fechaCreacion": "2026-03-30T10:38:01.559", "fechaHoraInicio": "2026-02-24T16:00:00", "fechaHoraFin": "2026-02-24T18:00:00", "registro": 33, "factura": null, "usuario": 1, "comentario": "Sesión importada de Excel (Mentor)"}}, {"model": "registros.registrodetalle", "pk": 539, "fields": {"fechaCreacion": "2026-03-30T10:38:01.560", "fechaHoraInicio": "2026-02-25T16:00:00", "fechaHoraFin": "2026-02-25T18:00:00", "registro": 33, "factura": null, "usuario": 1, "comentario": "Sesión importada de Excel (Mentor)"}}, {"model": "registros.registrodetalle", "pk": 540, "fields": {"fechaCreacion": "2026-03-30T10:38:01.560", "fechaHoraInicio": "2026-02-26T16:00:00", "fechaHoraFin": "2026-02-26T18:00:00", "registro": 33, "factura": null, "usuario": 1, "comentario": "Sesión importada de Excel (Mentor)"}}, {"model": "registros.registrodetalle", "pk": 541, "fields": {"fechaCreacion": "2026-03-30T10:38:01.561", "fechaHoraInicio": "2026-03-02T16:00:00", "fechaHoraFin": "2026-03-02T18:00:00", "registro": 33, "factura": null, "usuario": 1, "comentario": "Sesión importada de Excel (Mentor)"}}, {"model": "registros.registrodetalle", "pk": 542, "fields": {"fechaCreacion": "2026-03-30T10:38:01.562", "fechaHoraInicio": "2026-03-03T16:00:00", "fechaHoraFin": "2026-03-03T18:00:00", "registro": 33, "factura": null, "usuario": 1, "comentario": "Sesión importada de Excel (Mentor)"}}, {"model": "registros.registrodetalle", "pk": 543, "fields": {"fechaCreacion": "2026-03-30T10:38:01.562", "fechaHoraInicio": "2026-03-04T16:00:00", "fechaHoraFin": "2026-03-04T18:00:00", "registro": 33, "factura": null, "usuario": 1, "comentario": "Sesión importada de Excel (Mentor)"}}, {"model": "registros.registrodetalle", "pk": 544, "fields": {"fechaCreacion": "2026-03-30T10:38:01.563", "fechaHoraInicio": "2026-03-05T16:00:00", "fechaHoraFin": "2026-03-05T18:00:00", "registro": 33, "factura": null, "usuario": 1, "comentario": "Sesión importada de Excel (Mentor)"}}, {"model": "registros.registrodetalle", "pk": 545, "fields": {"fechaCreacion": "2026-03-30T10:38:01.563", "fechaHoraInicio": "2026-03-09T16:00:00", "fechaHoraFin": "2026-03-09T18:00:00", "registro": 33, "factura": null, "usuario": 1, "comentario": "Sesión importada de Excel (Mentor)"}}, {"model": "registros.registrodetalle", "pk": 546, "fields": {"fechaCreacion": "2026-03-30T10:38:01.563", "fechaHoraInicio": "2026-03-10T16:00:00", "fechaHoraFin": "2026-03-10T18:00:00", "registro": 33, "factura": null, "usuario": 1, "comentario": "Sesión importada de Excel (Mentor)"}}, {"model": "registros.registrodetalle", "pk": 547, "fields": {"fechaCreacion": "2026-03-30T10:38:01.564", "fechaHoraInicio": "2026-03-11T16:00:00", "fechaHoraFin": "2026-03-11T18:00:00", "registro": 33, "factura": null, "usuario": 1, "comentario": "Sesión importada de Excel (Mentor)"}}, {"model": "registros.registrodetalle", "pk": 548, "fields": {"fechaCreacion": "2026-03-30T10:38:01.564", "fechaHoraInicio": "2026-03-12T16:00:00", "fechaHoraFin": "2026-03-12T18:00:00", "registro": 33, "factura": null, "usuario": 1, "comentario": "Sesión importada de Excel (Mentor)"}}, {"model": "registros.registrodetalle", "pk": 549, "fields": {"fechaCreacion": "2026-03-30T10:38:01.565", "fechaHoraInicio": "2026-03-16T16:00:00", "fechaHoraFin": "2026-03-16T18:00:00", "registro": 33, "factura": null, "usuario": 1, "comentario": "Sesión importada de Excel (Mentor)"}}, {"model": "registros.registrodetalle", "pk": 550, "fields": {"fechaCreacion": "2026-03-30T10:38:01.565", "fechaHoraInicio": "2026-03-17T16:00:00", "fechaHoraFin": "2026-03-17T18:00:00", "registro": 33, "factura": null, "usuario": 1, "comentario": "Sesión importada de Excel (Mentor)"}}, {"model": "registros.registrodetalle", "pk": 551, "fields": {"fechaCreacion": "2026-03-30T10:38:01.565", "fechaHoraInicio": "2026-03-18T16:00:00", "fechaHoraFin": "2026-03-18T18:00:00", "registro": 33, "factura": null, "usuario": 1, "comentario": "Sesión importada de Excel (Mentor)"}}, {"model": "registros.registrodetalle", "pk": 552, "fields": {"fechaCreacion": "2026-03-30T10:38:01.566", "fechaHoraInicio": "2026-03-19T16:00:00", "fechaHoraFin": "2026-03-19T18:00:00", "registro": 33, "factura": null, "usuario": 1, "comentario": "Sesión importada de Excel (Mentor)"}}, {"model": "registros.registrodetalle", "pk": 553, "fields": {"fechaCreacion": "2026-03-30T10:38:01.566", "fechaHoraInicio": "2026-03-24T16:00:00", "fechaHoraFin": "2026-03-24T18:00:00", "registro": 33, "factura": null, "usuario": 1, "comentario": "Sesión importada de Excel (Mentor)"}}, {"model": "registros.registrodetalle", "pk": 554, "fields": {"fechaCreacion": "2026-03-30T10:38:01.566", "fechaHoraInicio": "2026-03-25T16:00:00", "fechaHoraFin": "2026-03-25T18:00:00", "registro": 33, "factura": null, "usuario": 1, "comentario": "Sesión importada de Excel (Mentor)"}}, {"model": "registros.registrodetalle", "pk": 555, "fields": {"fechaCreacion": "2026-03-30T10:38:01.567", "fechaHoraInicio": "2026-03-26T16:00:00", "fechaHoraFin": "2026-03-26T18:00:00", "registro": 33, "factura": null, "usuario": 1, "comentario": "Sesión importada de Excel (Mentor)"}}, {"model": "registros.registrodetalle", "pk": 556, "fields": {"fechaCreacion": "2026-03-30T10:38:01.568", "fechaHoraInicio": "2025-11-22T08:30:00", "fechaHoraFin": "2025-11-22T13:30:00", "registro": 34, "factura": null, "usuario": 1, "comentario": "Sesión importada de Excel (Consejero)"}}, {"model": "registros.registrodetalle", "pk": 557, "fields": {"fechaCreacion": "2026-03-30T10:38:01.568", "fechaHoraInicio": "2025-11-29T08:30:00", "fechaHoraFin": "2025-11-29T13:30:00", "registro": 34, "factura": null, "usuario": 1, "comentario": "Sesión importada de Excel (Consejero)"}}, {"model": "registros.registrodetalle", "pk": 558, "fields": {"fechaCreacion": "2026-03-30T10:38:01.568", "fechaHoraInicio": "2025-12-20T08:30:00", "fechaHoraFin": "2025-12-20T13:30:00", "registro": 34, "factura": null, "usuario": 1, "comentario": "Sesión importada de Excel (Consejero)"}}, {"model": "registros.registrodetalle", "pk": 559, "fields": {"fechaCreacion": "2026-03-30T10:38:01.569", "fechaHoraInicio": "2025-12-22T08:30:00", "fechaHoraFin": "2025-12-22T13:30:00", "registro": 34, "factura": null, "usuario": 1, "comentario": "Sesión importada de Excel (Consejero)"}}, {"model": "registros.registrodetalle", "pk": 560, "fields": {"fechaCreacion": "2026-03-30T10:38:01.573", "fechaHoraInicio": "2025-11-13T16:00:00", "fechaHoraFin": "2025-11-13T18:00:00", "registro": 35, "factura": null, "usuario": 1, "comentario": "Sesión importada de Excel (Tutor)"}}, {"model": "registros.registrodetalle", "pk": 561, "fields": {"fechaCreacion": "2026-03-30T10:38:01.573", "fechaHoraInicio": "2025-11-18T16:00:00", "fechaHoraFin": "2025-11-18T18:00:00", "registro": 35, "factura": null, "usuario": 1, "comentario": "Sesión importada de Excel (Tutor)"}}, {"model": "registros.registrodetalle", "pk": 562, "fields": {"fechaCreacion": "2026-03-30T10:38:01.574", "fechaHoraInicio": "2025-11-20T16:00:00", "fechaHoraFin": "2025-11-20T18:00:00", "registro": 35, "factura": null, "usuario": 1, "comentario": "Sesión importada de Excel (Tutor)"}}, {"model": "registros.registrodetalle", "pk": 563, "fields": {"fechaCreacion": "2026-03-30T10:38:01.574", "fechaHoraInicio": "2025-11-25T16:00:00", "fechaHoraFin": "2025-11-25T18:00:00", "registro": 35, "factura": null, "usuario": 1, "comentario": "Sesión importada de Excel (Tutor)"}}, {"model": "registros.registrodetalle", "pk": 564, "fields": {"fechaCreacion": "2026-03-30T10:38:01.575", "fechaHoraInicio": "2025-12-02T16:00:00", "fechaHoraFin": "2025-12-02T18:00:00", "registro": 35, "factura": null, "usuario": 1, "comentario": "Sesión importada de Excel (Tutor)"}}, {"model": "registros.registrodetalle", "pk": 565, "fields": {"fechaCreacion": "2026-03-30T10:38:01.575", "fechaHoraInicio": "2025-12-04T16:00:00", "fechaHoraFin": "2025-12-04T18:00:00", "registro": 35, "factura": null, "usuario": 1, "comentario": "Sesión importada de Excel (Tutor)"}}, {"model": "registros.registrodetalle", "pk": 566, "fields": {"fechaCreacion": "2026-03-30T10:38:01.575", "fechaHoraInicio": "2025-12-09T16:00:00", "fechaHoraFin": "2025-12-09T18:00:00", "registro": 35, "factura": null, "usuario": 1, "comentario": "Sesión importada de Excel (Tutor)"}}, {"model": "registros.registrodetalle", "pk": 567, "fields": {"fechaCreacion": "2026-03-30T10:38:01.576", "fechaHoraInicio": "2025-12-11T16:00:00", "fechaHoraFin": "2025-12-11T18:00:00", "registro": 35, "factura": null, "usuario": 1, "comentario": "Sesión importada de Excel (Tutor)"}}, {"model": "registros.registrodetalle", "pk": 568, "fields": {"fechaCreacion": "2026-03-30T10:38:01.576", "fechaHoraInicio": "2025-12-16T16:00:00", "fechaHoraFin": "2025-12-16T18:00:00", "registro": 35, "factura": null, "usuario": 1, "comentario": "Sesión importada de Excel (Tutor)"}}, {"model": "registros.registrodetalle", "pk": 569, "fields": {"fechaCreacion": "2026-03-30T10:38:01.577", "fechaHoraInicio": "2025-12-18T16:00:00", "fechaHoraFin": "2025-12-18T18:00:00", "registro": 35, "factura": null, "usuario": 1, "comentario": "Sesión importada de Excel (Tutor)"}}, {"model": "registros.registrodetalle", "pk": 570, "fields": {"fechaCreacion": "2026-03-30T10:38:01.577", "fechaHoraInicio": "2026-01-19T16:00:00", "fechaHoraFin": "2026-01-19T18:00:00", "registro": 35, "factura": null, "usuario": 1, "comentario": "Sesión importada de Excel (Tutor)"}}, {"model": "registros.registrodetalle", "pk": 571, "fields": {"fechaCreacion": "2026-03-30T10:38:01.577", "fechaHoraInicio": "2026-01-20T16:00:00", "fechaHoraFin": "2026-01-20T18:00:00", "registro": 35, "factura": null, "usuario": 1, "comentario": "Sesión importada de Excel (Tutor)"}}, {"model": "registros.registrodetalle", "pk": 572, "fields": {"fechaCreacion": "2026-03-30T10:38:01.578", "fechaHoraInicio": "2026-01-31T16:00:00", "fechaHoraFin": "2026-01-31T18:00:00", "registro": 35, "factura": null, "usuario": 1, "comentario": "Sesión importada de Excel (Tutor)"}}, {"model": "registros.registrodetalle", "pk": 573, "fields": {"fechaCreacion": "2026-03-30T10:38:01.578", "fechaHoraInicio": "2026-01-22T16:00:00", "fechaHoraFin": "2026-01-22T18:00:00", "registro": 35, "factura": null, "usuario": 1, "comentario": "Sesión importada de Excel (Tutor)"}}, {"model": "registros.registrodetalle", "pk": 574, "fields": {"fechaCreacion": "2026-03-30T10:38:01.579", "fechaHoraInicio": "2026-01-26T16:00:00", "fechaHoraFin": "2026-01-26T18:00:00", "registro": 35, "factura": null, "usuario": 1, "comentario": "Sesión importada de Excel (Tutor)"}}, {"model": "registros.registrodetalle", "pk": 575, "fields": {"fechaCreacion": "2026-03-30T10:38:01.579", "fechaHoraInicio": "2026-01-27T16:00:00", "fechaHoraFin": "2026-01-27T18:00:00", "registro": 35, "factura": null, "usuario": 1, "comentario": "Sesión importada de Excel (Tutor)"}}, {"model": "registros.registrodetalle", "pk": 576, "fields": {"fechaCreacion": "2026-03-30T10:38:01.580", "fechaHoraInicio": "2026-01-28T16:00:00", "fechaHoraFin": "2026-01-28T18:00:00", "registro": 35, "factura": null, "usuario": 1, "comentario": "Sesión importada de Excel (Tutor)"}}, {"model": "registros.registrodetalle", "pk": 577, "fields": {"fechaCreacion": "2026-03-30T10:38:01.580", "fechaHoraInicio": "2026-01-29T16:00:00", "fechaHoraFin": "2026-01-29T18:00:00", "registro": 35, "factura": null, "usuario": 1, "comentario": "Sesión importada de Excel (Tutor)"}}, {"model": "registros.registrodetalle", "pk": 578, "fields": {"fechaCreacion": "2026-03-30T10:38:01.580", "fechaHoraInicio": "2026-02-02T16:00:00", "fechaHoraFin": "2026-02-02T18:00:00", "registro": 35, "factura": null, "usuario": 1, "comentario": "Sesión importada de Excel (Tutor)"}}, {"model": "registros.registrodetalle", "pk": 579, "fields": {"fechaCreacion": "2026-03-30T10:38:01.581", "fechaHoraInicio": "2026-02-03T16:00:00", "fechaHoraFin": "2026-02-03T18:00:00", "registro": 35, "factura": null, "usuario": 1, "comentario": "Sesión importada de Excel (Tutor)"}}, {"model": "registros.registrodetalle", "pk": 580, "fields": {"fechaCreacion": "2026-03-30T10:38:01.581", "fechaHoraInicio": "2026-02-04T16:00:00", "fechaHoraFin": "2026-02-04T18:00:00", "registro": 35, "factura": null, "usuario": 1, "comentario": "Sesión importada de Excel (Tutor)"}}, {"model": "registros.registrodetalle", "pk": 581, "fields": {"fechaCreacion": "2026-03-30T10:38:01.581", "fechaHoraInicio": "2026-02-05T16:00:00", "fechaHoraFin": "2026-02-05T18:00:00", "registro": 35, "factura": null, "usuario": 1, "comentario": "Sesión importada de Excel (Tutor)"}}, {"model": "registros.registrodetalle", "pk": 582, "fields": {"fechaCreacion": "2026-03-30T10:38:01.582", "fechaHoraInicio": "2026-02-09T16:00:00", "fechaHoraFin": "2026-02-09T18:00:00", "registro": 35, "factura": null, "usuario": 1, "comentario": "Sesión importada de Excel (Tutor)"}}, {"model": "registros.registrodetalle", "pk": 583, "fields": {"fechaCreacion": "2026-03-30T10:38:01.582", "fechaHoraInicio": "2026-02-10T16:00:00", "fechaHoraFin": "2026-02-10T18:00:00", "registro": 35, "factura": null, "usuario": 1, "comentario": "Sesión importada de Excel (Tutor)"}}, {"model": "registros.registrodetalle", "pk": 584, "fields": {"fechaCreacion": "2026-03-30T10:38:01.583", "fechaHoraInicio": "2026-02-11T16:00:00", "fechaHoraFin": "2026-02-11T18:00:00", "registro": 35, "factura": null, "usuario": 1, "comentario": "Sesión importada de Excel (Tutor)"}}, {"model": "registros.registrodetalle", "pk": 585, "fields": {"fechaCreacion": "2026-03-30T10:38:01.583", "fechaHoraInicio": "2026-02-12T16:00:00", "fechaHoraFin": "2026-02-12T18:00:00", "registro": 35, "factura": null, "usuario": 1, "comentario": "Sesión importada de Excel (Tutor)"}}, {"model": "registros.registrodetalle", "pk": 586, "fields": {"fechaCreacion": "2026-03-30T10:38:01.583", "fechaHoraInicio": "2026-02-16T16:00:00", "fechaHoraFin": "2026-02-16T18:00:00", "registro": 35, "factura": null, "usuario": 1, "comentario": "Sesión importada de Excel (Tutor)"}}, {"model": "registros.registrodetalle", "pk": 587, "fields": {"fechaCreacion": "2026-03-30T10:38:01.584", "fechaHoraInicio": "2026-02-17T16:00:00", "fechaHoraFin": "2026-02-17T18:00:00", "registro": 35, "factura": null, "usuario": 1, "comentario": "Sesión importada de Excel (Tutor)"}}, {"model": "registros.registrodetalle", "pk": 588, "fields": {"fechaCreacion": "2026-03-30T10:38:01.585", "fechaHoraInicio": "2026-02-19T16:00:00", "fechaHoraFin": "2026-02-19T18:00:00", "registro": 36, "factura": null, "usuario": 1, "comentario": "Sesión importada de Excel (Mentor)"}}, {"model": "registros.registrodetalle", "pk": 589, "fields": {"fechaCreacion": "2026-03-30T10:38:01.585", "fechaHoraInicio": "2026-02-23T16:00:00", "fechaHoraFin": "2026-02-23T18:00:00", "registro": 36, "factura": null, "usuario": 1, "comentario": "Sesión importada de Excel (Mentor)"}}, {"model": "registros.registrodetalle", "pk": 590, "fields": {"fechaCreacion": "2026-03-30T10:38:01.586", "fechaHoraInicio": "2026-02-24T16:00:00", "fechaHoraFin": "2026-02-24T18:00:00", "registro": 36, "factura": null, "usuario": 1, "comentario": "Sesión importada de Excel (Mentor)"}}, {"model": "registros.registrodetalle", "pk": 591, "fields": {"fechaCreacion": "2026-03-30T10:38:01.586", "fechaHoraInicio": "2026-02-25T16:00:00", "fechaHoraFin": "2026-02-25T18:00:00", "registro": 36, "factura": null, "usuario": 1, "comentario": "Sesión importada de Excel (Mentor)"}}, {"model": "registros.registrodetalle", "pk": 592, "fields": {"fechaCreacion": "2026-03-30T10:38:01.586", "fechaHoraInicio": "2026-02-26T16:00:00", "fechaHoraFin": "2026-02-26T18:00:00", "registro": 36, "factura": null, "usuario": 1, "comentario": "Sesión importada de Excel (Mentor)"}}, {"model": "registros.registrodetalle", "pk": 593, "fields": {"fechaCreacion": "2026-03-30T10:38:01.587", "fechaHoraInicio": "2026-03-02T16:00:00", "fechaHoraFin": "2026-03-02T18:00:00", "registro": 36, "factura": null, "usuario": 1, "comentario": "Sesión importada de Excel (Mentor)"}}, {"model": "registros.registrodetalle", "pk": 594, "fields": {"fechaCreacion": "2026-03-30T10:38:01.587", "fechaHoraInicio": "2026-03-03T16:00:00", "fechaHoraFin": "2026-03-03T18:00:00", "registro": 36, "factura": null, "usuario": 1, "comentario": "Sesión importada de Excel (Mentor)"}}, {"model": "registros.registrodetalle", "pk": 595, "fields": {"fechaCreacion": "2026-03-30T10:38:01.587", "fechaHoraInicio": "2026-03-04T16:00:00", "fechaHoraFin": "2026-03-04T18:00:00", "registro": 36, "factura": null, "usuario": 1, "comentario": "Sesión importada de Excel (Mentor)"}}, {"model": "registros.registrodetalle", "pk": 596, "fields": {"fechaCreacion": "2026-03-30T10:38:01.588", "fechaHoraInicio": "2026-03-05T16:00:00", "fechaHoraFin": "2026-03-05T18:00:00", "registro": 36, "factura": null, "usuario": 1, "comentario": "Sesión importada de Excel (Mentor)"}}, {"model": "registros.registrodetalle", "pk": 597, "fields": {"fechaCreacion": "2026-03-30T10:38:01.588", "fechaHoraInicio": "2026-03-09T16:00:00", "fechaHoraFin": "2026-03-09T18:00:00", "registro": 36, "factura": null, "usuario": 1, "comentario": "Sesión importada de Excel (Mentor)"}}, {"model": "registros.registrodetalle", "pk": 598, "fields": {"fechaCreacion": "2026-03-30T10:38:01.588", "fechaHoraInicio": "2026-03-10T16:00:00", "fechaHoraFin": "2026-03-10T18:00:00", "registro": 36, "factura": null, "usuario": 1, "comentario": "Sesión importada de Excel (Mentor)"}}, {"model": "registros.registrodetalle", "pk": 599, "fields": {"fechaCreacion": "2026-03-30T10:38:01.589", "fechaHoraInicio": "2026-03-11T16:00:00", "fechaHoraFin": "2026-03-11T18:00:00", "registro": 36, "factura": null, "usuario": 1, "comentario": "Sesión importada de Excel (Mentor)"}}, {"model": "registros.registrodetalle", "pk": 600, "fields": {"fechaCreacion": "2026-03-30T10:38:01.589", "fechaHoraInicio": "2026-03-12T16:00:00", "fechaHoraFin": "2026-03-12T18:00:00", "registro": 36, "factura": null, "usuario": 1, "comentario": "Sesión importada de Excel (Mentor)"}}, {"model": "registros.registrodetalle", "pk": 601, "fields": {"fechaCreacion": "2026-03-30T10:38:01.590", "fechaHoraInicio": "2026-03-16T16:00:00", "fechaHoraFin": "2026-03-16T18:00:00", "registro": 36, "factura": null, "usuario": 1, "comentario": "Sesión importada de Excel (Mentor)"}}, {"model": "registros.registrodetalle", "pk": 602, "fields": {"fechaCreacion": "2026-03-30T10:38:01.590", "fechaHoraInicio": "2026-03-17T16:00:00", "fechaHoraFin": "2026-03-17T18:00:00", "registro": 36, "factura": null, "usuario": 1, "comentario": "Sesión importada de Excel (Mentor)"}}, {"model": "registros.registrodetalle", "pk": 603, "fields": {"fechaCreacion": "2026-03-30T10:38:01.590", "fechaHoraInicio": "2026-03-18T16:00:00", "fechaHoraFin": "2026-03-18T18:00:00", "registro": 36, "factura": null, "usuario": 1, "comentario": "Sesión importada de Excel (Mentor)"}}, {"model": "registros.registrodetalle", "pk": 604, "fields": {"fechaCreacion": "2026-03-30T10:38:01.591", "fechaHoraInicio": "2026-03-19T16:00:00", "fechaHoraFin": "2026-03-19T18:00:00", "registro": 36, "factura": null, "usuario": 1, "comentario": "Sesión importada de Excel (Mentor)"}}, {"model": "registros.registrodetalle", "pk": 605, "fields": {"fechaCreacion": "2026-03-30T10:38:01.591", "fechaHoraInicio": "2026-03-23T16:00:00", "fechaHoraFin": "2026-03-23T18:00:00", "registro": 36, "factura": null, "usuario": 1, "comentario": "Sesión importada de Excel (Mentor)"}}, {"model": "registros.registrodetalle", "pk": 606, "fields": {"fechaCreacion": "2026-03-30T10:38:01.592", "fechaHoraInicio": "2026-03-24T16:00:00", "fechaHoraFin": "2026-03-24T18:00:00", "registro": 36, "factura": null, "usuario": 1, "comentario": "Sesión importada de Excel (Mentor)"}}, {"model": "registros.registrodetalle", "pk": 607, "fields": {"fechaCreacion": "2026-03-30T10:38:01.592", "fechaHoraInicio": "2026-03-25T16:00:00", "fechaHoraFin": "2026-03-25T18:00:00", "registro": 36, "factura": null, "usuario": 1, "comentario": "Sesión importada de Excel (Mentor)"}}, {"model": "registros.registrodetalle", "pk": 608, "fields": {"fechaCreacion": "2026-03-30T10:38:01.592", "fechaHoraInicio": "2026-03-26T16:00:00", "fechaHoraFin": "2026-03-26T18:00:00", "registro": 36, "factura": null, "usuario": 1, "comentario": "Sesión importada de Excel (Mentor)"}}, {"model": "registros.registrodetalle", "pk": 609, "fields": {"fechaCreacion": "2026-03-30T10:38:01.593", "fechaHoraInicio": "2025-11-15T08:30:00", "fechaHoraFin": "2025-11-15T13:30:00", "registro": 37, "factura": null, "usuario": 1, "comentario": "Sesión importada de Excel (Consejero)"}}, {"model": "registros.registrodetalle", "pk": 610, "fields": {"fechaCreacion": "2026-03-30T10:38:01.594", "fechaHoraInicio": "2025-11-29T08:30:00", "fechaHoraFin": "2025-11-29T13:30:00", "registro": 37, "factura": null, "usuario": 1, "comentario": "Sesión importada de Excel (Consejero)"}}, {"model": "registros.registrodetalle", "pk": 611, "fields": {"fechaCreacion": "2026-03-30T10:38:01.594", "fechaHoraInicio": "2025-12-20T08:30:00", "fechaHoraFin": "2025-12-20T13:30:00", "registro": 37, "factura": null, "usuario": 1, "comentario": "Sesión importada de Excel (Consejero)"}}, {"model": "registros.registrodetalle", "pk": 612, "fields": {"fechaCreacion": "2026-03-30T10:38:01.595", "fechaHoraInicio": "2025-12-22T08:30:00", "fechaHoraFin": "2025-12-22T13:30:00", "registro": 37, "factura": null, "usuario": 1, "comentario": "Sesión importada de Excel (Consejero)"}}, {"model": "proyecto.servicio", "pk": 1, "fields": {"nombre": "Tutoría"}}, {"model": "proyecto.servicio", "pk": 2, "fields": {"nombre": "Tutorías"}}, {"model": "proyecto.servicio", "pk": 3, "fields": {"nombre": "Mentoría"}}, {"model": "proyecto.servicio", "pk": 4, "fields": {"nombre": "Consejería Abarcadora"}}, {"model": "proyecto.proyecto", "pk": 1, "fields": {"nombre": "WIOA", "fechaCreacion": "2026-03-12T21:05:40.059", "logoCliente": "", "logoAdmin1": "", "logoAdmin2": "", "alumnos": [1, 2, 3, 4, 5, 6, 8, 9, 10, 11, 12, 13, 14, 15, 16, 17, 18, 19, 20, 21, 22, 23, 24, 25, 26, 27, 28, 30, 31, 29, 33, 32, 34, 35, 36, 37, 38, 39, 40, 41, 42, 43, 44, 45, 46, 48, 47, 49, 50, 51, 52, 53, 54, 55, 56, 57, 58, 60, 59, 61, 62, 64, 63, 65, 66, 67, 68, 69, 70, 111, 71, 72, 73, 74, 75, 76, 77, 78, 79, 80, 81, 82, 84, 83, 85, 86, 87, 88, 89, 90, 91, 92, 93, 94, 95, 96, 97, 98, 99, 100, 101, 102, 103, 104, 105, 7], "maestros": [9, 10, 6, 3, 13, 1, 7, 12, 11, 8, 4, 5, 2]}}, {"model": "proyecto.proyecto", "pk": 2, "fields": {"nombre": "Proyecto AMSI - Grupos 2026", "fechaCreacion": "2026-03-30T10:37:57.108", "logoCliente": "", "logoAdmin1": "", "logoAdmin2": "", "alumnos": [116, 118, 119, 120, 121, 122, 123, 124, 125, 126, 127, 117], "maestros": [15, 19, 16, 14, 18, 17, 20]}}, {"model": "proyecto.serviciosproyecto", "pk": 1, "fields": {"precio_por_hora_participante": "10.00", "cantidad_participantes": 10, "total_horas": 50, "presupuesto_total": "0.00", "nroPartidaPresupuestaria": null, "tipo_facturacion": "Por hora", "servicio": 1, "proyecto": 1}}, {"model": "proyecto.serviciosproyecto", "pk": 2, "fields": {"precio_por_hora_participante": "15.00", "cantidad_participantes": 100, "total_horas": 56, "presupuesto_total": "0.00", "nroPartidaPresupuestaria": null, "tipo_facturacion": "Por hora", "servicio": 2, "proyecto": 2}}, {"model": "proyecto.serviciosproyecto", "pk": 3, "fields": {"precio_por_hora_participante": "15.00", "cantidad_participantes": 100, "total_horas": 48, "presupuesto_total": "0.00", "nroPartidaPresupuestaria": null, "tipo_facturacion": "Por hora", "servicio": 3, "proyecto": 2}}, {"model": "proyecto.serviciosproyecto", "pk": 4, "fields": {"precio_por_hora_participante": "15.00", "cantidad_participantes": 100, "total_horas": 20, "presupuesto_total": "0.00", "nroPartidaPresupuestaria": null, "tipo_facturacion": "Por hora", "servicio": 4, "proyecto": 2}}]
